{"LSTM_PREPAD_ONEHOT": [[0.1276595744680851, 0.016296966953372568, 0.1276595744680851, 0.02890405459654757], [0.23404255319148937, 0.28025697706548774, 0.23404255319148937, 0.17733873691320498], [0.0851063829787234, 0.23404255319148937, 0.0851063829787234, 0.1016548463356974], [0.14893617021276595, 0.07602070155261645, 0.14893617021276595, 0.06635878827862993], [0.1276595744680851, 0.3528368794326241, 0.1276595744680851, 0.12076388922446495], [0.2978723404255319, 0.20582793709528216, 0.2978723404255319, 0.15836381433207974]], "LSTM_PREPAD_EMBEDDED": [[0.14893617021276595, 0.035066981875492516, 0.14893617021276595, 0.05496924205654947], [0.2765957446808511, 0.07650520597555455, 0.2765957446808511, 0.1198581560283688], [0.1276595744680851, 0.016296966953372568, 0.1276595744680851, 0.02890405459654757], [0.2553191489361702, 0.07543520309477755, 0.2553191489361702, 0.11646136618141095], [0.2765957446808511, 0.07650520597555455, 0.2765957446808511, 0.1198581560283688], [0.0425531914893617, 0.0018107741059302852, 0.0425531914893617, 0.003473729917498914]], "LSTM_PREPAD_FREQBASED": [[0.19148936170212766, 0.12437137330754351, 0.19148936170212766, 0.14468085106382977], [0.0851063829787234, 0.10167633784655063, 0.0851063829787234, 0.07223887656235871], [0.1702127659574468, 0.17757158854583266, 0.1702127659574468, 0.15911741528762807], [0.0851063829787234, 0.049323017408123795, 0.0851063829787234, 0.05288753799392097], [0.0851063829787234, 0.018848288621646624, 0.0851063829787234, 0.030814380044020543], [0.14893617021276595, 0.09945092656142758, 0.14893617021276595, 0.09975748181113583]], "LSTM_CONT_ONEHOT": [[0.40425531914893614, 0.49387491940683437, 0.40425531914893614, 0.43017131202362746], [0.3404255319148936, 0.3245862884160757, 0.3404255319148936, 0.3234036610838258], [0.2978723404255319, 0.4015957446808511, 0.2978723404255319, 0.3079691157460783], [0.3191489361702128, 0.2881627828436339, 0.3191489361702128, 0.29700134000065365], [0.2765957446808511, 0.3621502610864313, 0.2765957446808511, 0.2900310361116632], [0.3191489361702128, 0.3383991894630192, 0.3191489361702128, 0.32201958797703484]], "LSTM_CONT_EMBEDDED": [[0.2765957446808511, 0.4173758865248227, 0.2765957446808511, 0.3076002012172225], [0.23404255319148937, 0.2976697061803445, 0.23404255319148937, 0.2304780326056922], [0.3404255319148936, 0.3407801418439716, 0.3404255319148936, 0.334909377462569], [0.2978723404255319, 0.2624113475177305, 0.2978723404255319, 0.27811550151975684], [0.2765957446808511, 0.33604126370083814, 0.2765957446808511, 0.2964889720208869], [0.2978723404255319, 0.3453822772971709, 0.2978723404255319, 0.3060416999946675]], "LSTM_CONT_FREQBASED": [[0.0425531914893617, 0.0018107741059302852, 0.0425531914893617, 0.003473729917498914], [0.0851063829787234, 0.08115501519756839, 0.0851063829787234, 0.059371833839918946], [0.2765957446808511, 0.07650520597555455, 0.2765957446808511, 0.1198581560283688], [0.1702127659574468, 0.08326425347701943, 0.1702127659574468, 0.10870731271231897], [0.0851063829787234, 0.08770685579196216, 0.0851063829787234, 0.07989235556303087], [0.23404255319148937, 0.26266464032421477, 0.23404255319148937, 0.23343465045592707]], "CNN_PREPAD_ONEHOT": [[0.0425531914893617, 0.0018107741059302852, 0.0425531914893617, 0.003473729917498914], [0.1276595744680851, 0.016296966953372568, 0.1276595744680851, 0.02890405459654757], [0.2765957446808511, 0.07650520597555455, 0.2765957446808511, 0.1198581560283688], [0.10638297872340426, 0.14037363777893097, 0.10638297872340426, 0.09130446105367326], [0.2765957446808511, 0.07650520597555455, 0.2765957446808511, 0.1198581560283688], [0.0425531914893617, 0.0018107741059302852, 0.0425531914893617, 0.003473729917498914]], "CNN_PREPAD_EMBEDDED": [[0.0425531914893617, 0.0018107741059302852, 0.0425531914893617, 0.003473729917498914], [0.0425531914893617, 0.0018107741059302852, 0.0425531914893617, 0.003473729917498914], [0.0425531914893617, 0.0018107741059302852, 0.0425531914893617, 0.003473729917498914], [0.06382978723404255, 0.004074241738343142, 0.06382978723404255, 0.007659574468085106], [0.2765957446808511, 0.07650520597555455, 0.2765957446808511, 0.1198581560283688], [0.0425531914893617, 0.0018107741059302852, 0.0425531914893617, 0.003473729917498914]], "CNN_PREPAD_FREQBASED": [[0.1702127659574468, 0.06646936490161573, 0.1702127659574468, 0.08940863579474341], [0.1276595744680851, 0.016296966953372568, 0.1276595744680851, 0.02890405459654757], [0.1276595744680851, 0.016296966953372568, 0.1276595744680851, 0.02890405459654757], [0.1276595744680851, 0.021979426234745383, 0.1276595744680851, 0.03742521703926949], [0.1276595744680851, 0.016296966953372568, 0.1276595744680851, 0.02890405459654757], [0.1276595744680851, 0.01665124884366327, 0.1276595744680851, 0.029459901800327332]], "CNN_CONT_ONEHOT": [[0.1276595744680851, 0.016296966953372568, 0.1276595744680851, 0.02890405459654757], [0.1276595744680851, 0.01665124884366327, 0.1276595744680851, 0.029459901800327332], [0.0425531914893617, 0.02127659574468085, 0.0425531914893617, 0.028368794326241134], [0.1276595744680851, 0.17051671732522797, 0.1276595744680851, 0.10070921985815605], [0.2553191489361702, 0.08095485210171251, 0.2553191489361702, 0.12293144208037825], [0.1276595744680851, 0.016296966953372568, 0.1276595744680851, 0.02890405459654757]], "CNN_CONT_EMBEDDED": [[0.2765957446808511, 0.07650520597555455, 0.2765957446808511, 0.1198581560283688], [0.1276595744680851, 0.016296966953372568, 0.1276595744680851, 0.02890405459654757], [0.1702127659574468, 0.028972385694884563, 0.1702127659574468, 0.04951644100580271], [0.1276595744680851, 0.016296966953372568, 0.1276595744680851, 0.02890405459654757], [0.1276595744680851, 0.016296966953372568, 0.1276595744680851, 0.02890405459654757], [0.1276595744680851, 0.016296966953372568, 0.1276595744680851, 0.02890405459654757]], "CNN_CONT_FREQBASED": [[0.2765957446808511, 0.07650520597555455, 0.2765957446808511, 0.1198581560283688], [0.14893617021276595, 0.02831546952487602, 0.14893617021276595, 0.04744567072476959], [0.1276595744680851, 0.016296966953372568, 0.1276595744680851, 0.02890405459654757], [0.1276595744680851, 0.016296966953372568, 0.1276595744680851, 0.02890405459654757], [0.1276595744680851, 0.016296966953372568, 0.1276595744680851, 0.02890405459654757], [0.2765957446808511, 0.07650520597555455, 0.2765957446808511, 0.1198581560283688]],