{"LSTM_PREPAD_ONEHOT": [[0.23703703703703705, 0.05618655692729767, 0.23703703703703705, 0.09084054113994235], [0.22962962962962963, 0.05609273395532938, 0.22962962962962963, 0.09016132697114292], [0.2074074074074074, 0.10803418803418804, 0.2074074074074074, 0.10479959411466261], [0.37037037037037035, 0.17687991021324354, 0.37037037037037035, 0.23506172839506173], [0.15555555555555556, 0.04045058883768561, 0.15555555555555556, 0.06381886087768442], [0.3111111111111111, 0.23544999803064318, 0.3111111111111111, 0.2538608101584508]],
  "LSTM_PREPAD_EMBEDDED": [[0.1925925925925926, 0.037091906721536345, 0.1925925925925926, 0.062203818725557865], [0.23703703703703705, 0.05618655692729767, 0.23703703703703705, 0.09084054113994235], [0.15555555555555556, 0.10552779039830379, 0.15555555555555556, 0.08193318309887275], [0.1925925925925926, 0.037091906721536345, 0.1925925925925926, 0.062203818725557865], [0.1925925925925926, 0.037091906721536345, 0.1925925925925926, 0.062203818725557865], [0.23703703703703705, 0.05618655692729767, 0.23703703703703705, 0.09084054113994235]], "LSTM_PREPAD_FREQBASED": [[0.2962962962962963, 0.18742985409652077, 0.2962962962962963, 0.22150848563546977], [0.2518518518518518, 0.16719886406746223, 0.2518518518518518, 0.1810858234250047], [0.17037037037037037, 0.13072174738841405, 0.17037037037037037, 0.11874879516356669], [0.24444444444444444, 0.17323108989775654, 0.24444444444444444, 0.19822107316360185], [0.16296296296296298, 0.12134166834711298, 0.16296296296296298, 0.1295374637310121], [0.31851851851851853, 0.1723309972934869, 0.31851851851851853, 0.21203752229685183]], "LSTM_CONT_ONEHOT": [[0.4148148148148148, 0.4195873015873016, 0.4148148148148148, 0.3911529642694955], [0.4444444444444444, 0.3912868423979536, 0.4444444444444444, 0.40472876917321365], [0.3851851851851852, 0.38301282125758773, 0.3851851851851852, 0.3678286595894569], [0.4, 0.359295299440227, 0.4, 0.37393313557624436], [0.3925925925925926, 0.3780631713965047, 0.3925925925925926, 0.3770822593044815], [0.45185185185185184, 0.5227754571614222, 0.45185185185185184, 0.42922098854703583]], "LSTM_CONT_EMBEDDED": [[0.4222222222222222, 0.47060049928004843, 0.4222222222222222, 0.4061982714417952], [0.34814814814814815, 0.38114197530864197, 0.34814814814814815, 0.33628348884720705], [0.4444444444444444, 0.45294760197986006, 0.4444444444444444, 0.4172410146644753], [0.4, 0.3949875530577284, 0.4, 0.3833423822203778], [0.4074074074074074, 0.4107596613216026, 0.4074074074074074, 0.40083741343941], [0.4222222222222222, 0.447154447986091, 0.4222222222222222, 0.4126707622029259]], "LSTM_CONT_FREQBASED": [[0.24444444444444444, 0.14781756115089448, 0.24444444444444444, 0.17643171359646456], [0.3037037037037037, 0.23560303893637224, 0.3037037037037037, 0.253661924891343], [0.28888888888888886, 0.1953398092180342, 0.28888888888888886, 0.2215587869191596], [0.3333333333333333, 0.29840689776173646, 0.3333333333333333, 0.30648235266901114], [0.2740740740740741, 0.21151900187531097, 0.2740740740740741, 0.2270207956854864], [0.2814814814814815, 0.21544973544973545, 0.2814814814814815, 0.2273862807158512]], "CNN_PREPAD_ONEHOT": [[0.11851851851851852, 0.014046639231824417, 0.11851851851851852, 0.025116507235712536], [0.05185185185185185, 0.014136774569845436, 0.05185185185185185, 0.013181100900399145], [0.11851851851851852, 0.014046639231824417, 0.11851851851851852, 0.025116507235712536], [0.044444444444444446, 0.0019753086419753087, 0.044444444444444446, 0.0037825059101654845], [0.08148148148148149, 0.07819645732689211, 0.08148148148148149, 0.06919258460760437], [0.044444444444444446, 0.0019753086419753087, 0.044444444444444446, 0.0037825059101654845]], "CNN_PREPAD_EMBEDDED": [[0.1925925925925926, 0.037091906721536345, 0.1925925925925926, 0.062203818725557865], [0.11851851851851852, 0.014046639231824417, 0.11851851851851852, 0.025116507235712536], [0.044444444444444446, 0.0019753086419753087, 0.044444444444444446, 0.0037825059101654845], [0.1925925925925926, 0.037091906721536345, 0.1925925925925926, 0.062203818725557865], [0.11851851851851852, 0.014046639231824417, 0.11851851851851852, 0.025116507235712536], [0.1925925925925926, 0.037091906721536345, 0.1925925925925926, 0.062203818725557865]], "CNN_PREPAD_FREQBASED": [[0.24444444444444444, 0.09346193646208587, 0.24444444444444444, 0.12841655953123476], [0.26666666666666666, 0.13750080515297905, 0.26666666666666666, 0.15887348518927466], [0.28888888888888886, 0.12641975308641976, 0.28888888888888886, 0.17418089635050463], [0.11851851851851852, 0.04362787984835229, 0.11851851851851852, 0.036715876715876714], [0.2222222222222222, 0.0547008547008547, 0.2222222222222222, 0.0877914951989026], [0.25925925925925924, 0.12350455718876771, 0.25925925925925924, 0.15566468372792483]], "CNN_CONT_ONEHOT": [[0.43703703703703706, 0.42799432230804774, 0.43703703703703706, 0.41809218535316733], [0.3925925925925926, 0.39037037037037037, 0.3925925925925926, 0.3671675898067193], [0.34074074074074073, 0.3742780265002487, 0.34074074074074073, 0.3358179859783331], [0.1925925925925926, 0.037091906721536345, 0.1925925925925926, 0.062203818725557865], [0.2, 0.07350028689359024, 0.2, 0.10176595149626433], [0.21481481481481482, 0.07553951589384661, 0.21481481481481482, 0.0929695334924093]], "CNN_CONT_EMBEDDED": [[0.21481481481481482, 0.06418855218855218, 0.21481481481481482, 0.0985476210087033], [0.1925925925925926, 0.037091906721536345, 0.1925925925925926, 0.062203818725557865], [0.1925925925925926, 0.037091906721536345, 0.1925925925925926, 0.062203818725557865], [0.08148148148148149, 0.00663923182441701, 0.08148148148148149, 0.012278031456113649], [0.43703703703703706, 0.4605604578238849, 0.43703703703703706, 0.435993899243199], [0.044444444444444446, 0.0019753086419753087, 0.044444444444444446, 0.0037825059101654845]], "CNN_CONT_FREQBASED": [[0.24444444444444444, 0.08285813803055182, 0.24444444444444444, 0.1207714627069466], [0.044444444444444446, 0.0019753086419753087, 0.044444444444444446, 0.0037825059101654845], [0.1925925925925926, 0.037091906721536345, 0.1925925925925926, 0.062203818725557865], [0.1925925925925926, 0.037091906721536345, 0.1925925925925926, 0.062203818725557865], [0.11851851851851852, 0.014046639231824417, 0.11851851851851852, 0.025116507235712536], [0.15555555555555556, 0.04388422035480859, 0.15555555555555556, 0.06770866560340245]],