{"LSTM_PREPAD_ONEHOT": [[0.08823529411764706, 0.08154724655819776, 0.08823529411764706, 0.05547181240520342, 22.418673276901245], [0.5514705882352942, 0.587406629318394, 0.5514705882352942, 0.5280291951896624, 57.44010353088379], [0.0661764705882353, 0.05716804265565875, 0.0661764705882353, 0.028579667160982043, 19.421639442443848]], "LSTM_PREPAD_EMBEDDED": [[0.03676470588235294, 0.001351643598615917, 0.03676470588235294, 0.0026074259491030453, 16.224565267562866], [0.03676470588235294, 0.001351643598615917, 0.03676470588235294, 0.0026074259491030453, 19.67143416404724], [0.03676470588235294, 0.001351643598615917, 0.03676470588235294, 0.0026074259491030453, 19.4325852394104]], "LSTM_PREPAD_FREQBASED": [[0.16911764705882354, 0.15548994533874932, 0.16911764705882354, 0.11592882879647586, 31.085463047027588], [0.03676470588235294, 0.007694938440492477, 0.03676470588235294, 0.012726244343891403, 13.071093320846558], [0.15441176470588236, 0.10791544546140133, 0.15441176470588236, 0.09357282390370626, 27.204824209213257]], "LSTM_CONT_ONEHOT": [[0.5073529411764706, 0.5225270236299648, 0.5073529411764706, 0.485408015187427, 11.639543294906616], [0.5661764705882353, 0.6153594771241828, 0.5661764705882353, 0.5511481488068175, 11.565743923187256], [0.5441176470588235, 0.6188550420168067, 0.5441176470588235, 0.5459720162574834, 11.394454002380371]], "LSTM_CONT_EMBEDDED": [[0.5441176470588235, 0.6940144006320476, 0.5441176470588235, 0.5495112322318204, 11.582411289215088], [0.5294117647058824, 0.6180409663865546, 0.5294117647058824, 0.521927296455279, 12.08266568183899], [0.5294117647058824, 0.5940045248868777, 0.5294117647058824, 0.5076822150158063, 12.902183771133423]], "LSTM_CONT_FREQBASED": [[0.051470588235294115, 0.0031141868512110727, 0.051470588235294115, 0.005852310280598449, 10.602262020111084], [0.04411764705882353, 0.002964426877470356, 0.04411764705882353, 0.0055147058823529415, 13.216274738311768], [0.10294117647058823, 0.03477328431372549, 0.10294117647058823, 0.04402215431627196, 18.02575945854187]], "CNN_PREPAD_ONEHOT": [[0.3602941176470588, 0.3488400752457846, 0.3602941176470588, 0.3196046106456323, 44.07694172859192], [0.08088235294117647, 0.07445556894086307, 0.08088235294117647, 0.05168715490630843, 14.660328149795532], [0.33088235294117646, 0.3210844914889033, 0.33088235294117646, 0.301799687720968, 43.51059150695801]], "CNN_PREPAD_EMBEDDED": [[0.03676470588235294, 0.001351643598615917, 0.03676470588235294, 0.0026074259491030453, 14.355776071548462], [0.014705882352941176, 0.00021626297577854672, 0.014705882352941176, 0.00042625745950554135, 15.081390857696533], [0.0, 0.0, 0.0, 0.0, 15.446924448013306]], "CNN_PREPAD_FREQBASED": [[0.04411764705882353, 0.014062906329640608, 0.04411764705882353, 0.017731829573934838, 10.07339072227478], [0.058823529411764705, 0.006092100301659124, 0.058823529411764705, 0.010950770682604593, 10.21406078338623], [0.07352941176470588, 0.025071150550690192, 0.07352941176470588, 0.03158021829421424, 9.743862867355347]], "CNN_CONT_ONEHOT": [[0.5, 0.5787963262227969, 0.5, 0.4993479967744673, 14.92743182182312], [0.49264705882352944, 0.5680438842203549, 0.49264705882352944, 0.4776732866806396, 14.866046905517578], [0.014705882352941176, 0.00021626297577854672, 0.014705882352941176, 0.00042625745950554135, 6.564670562744141]], "CNN_CONT_EMBEDDED": [[0.03676470588235294, 0.001392602495543672, 0.03676470588235294, 0.0026835551738943757, 5.856522083282471], [0.03676470588235294, 0.001351643598615917, 0.03676470588235294, 0.0026074259491030453, 6.2348222732543945], [0.0661764705882353, 0.004379325259515571, 0.0661764705882353, 0.00821501014198783, 6.4229559898376465]], "CNN_CONT_FREQBASED": [[0.029411764705882353, 0.0008650519031141869, 0.029411764705882353, 0.0016806722689075631, 10.058661460876465], [0.029411764705882353, 0.0008714596949891068, 0.029411764705882353, 0.0016927634363097758, 10.377165079116821], [0.029411764705882353, 0.0008650519031141869, 0.029411764705882353, 0.0016806722689075631, 10.229161500930786]], "DT_PREPAD_ONEHOT": [["Fold 0", "gini", 0.4725274725274725, 0.5065934065934066, 0.4725274725274725, 0.46950985522414096, 0.1626739501953125], ["Fold 0", "entropy", 0.4835164835164835, 0.5068812140240713, 0.4835164835164835, 0.4766360623503481, 0.08454203605651855], ["Fold 0", "log_loss", 0.5054945054945055, 0.509105180533752, 0.5054945054945055, 0.4857317285888715, 0.08419513702392578], ["Fold 1", "gini", 0.5, 0.569126984126984, 0.5, 0.5066169632836299, 0.06624102592468262], ["Fold 1", "entropy", 0.4444444444444444, 0.4284126984126984, 0.4444444444444444, 0.4216402116402116, 0.08130216598510742], ["Fold 1", "log_loss", 0.4666666666666667, 0.478042328042328, 0.4666666666666667, 0.45805114638447975, 0.08579826354980469], ["Fold 2", "gini", 0.4222222222222222, 0.42492063492063487, 0.4222222222222222, 0.4104882154882155, 0.08390998840332031], ["Fold 2", "entropy", 0.4888888888888889, 0.5084175084175084, 0.4888888888888889, 0.4783766233766234, 0.07970952987670898], ["Fold 2", "log_loss", 0.4111111111111111, 0.5202693602693602, 0.4111111111111111, 0.4173544973544973, 0.08131790161132812], ["Fold 3", "gini", 0.4444444444444444, 0.4798148148148148, 0.4444444444444444, 0.43813932980599646, 0.07575392723083496], ["Fold 3", "entropy", 0.4666666666666667, 0.47722222222222216, 0.4666666666666667, 0.4521825396825397, 0.08154773712158203], ["Fold 3", "log_loss", 0.45555555555555555, 0.4342063492063492, 0.45555555555555555, 0.4224642414116099, 0.09123516082763672], ["Fold 4", "gini", 0.4666666666666667, 0.47518518518518515, 0.4666666666666667, 0.44905643738977064, 0.07035970687866211], ["Fold 4", "entropy", 0.4222222222222222, 0.4181481481481482, 0.4222222222222222, 0.3965167548500882, 0.07829976081848145], ["Fold 4", "log_loss", 0.4222222222222222, 0.4219312169312169, 0.4222222222222222, 0.40465608465608466, 0.08007001876831055], ["Fold 5", "gini", 0.5111111111111111, 0.5296031746031746, 0.5111111111111111, 0.49267195767195765, 0.06814312934875488], ["Fold 5", "entropy", 0.5, 0.5074074074074074, 0.5, 0.48920634920634926, 0.08214378356933594], ["Fold 5", "log_loss", 0.5222222222222223, 0.5149999999999999, 0.5222222222222223, 0.500925925925926, 0.08696317672729492]],