{
  "LSTM_PREPAD_ONEHOT": [[0.9031365313653137, 0.9258896951385621, 0.9031365313653137, 0.8863611246665101], [0.8929889298892989, 0.8929889298892989, 0.8929889298892989, 0.8929889298892989], [0.8929889298892989, 0.8929889298892989, 0.8929889298892989, 0.8929889298892989], [0.9031365313653137, 0.9258896951385621, 0.9031365313653137, 0.8863611246665101], [0.8929889298892989, 0.8929889298892989, 0.8929889298892989, 0.8929889298892989], [0.9031365313653137, 0.9258896951385621, 0.9031365313653137, 0.8863611246665101]],
  "LSTM_PREPAD_EMBEDDED": [[0.9031365313653137, 0.9258896951385621, 0.9031365313653137, 0.8863611246665101], [0.8929889298892989, 0.8929889298892989, 0.8929889298892989, 0.8929889298892989], [0.9031365313653137, 0.9258896951385621, 0.9031365313653137, 0.8863611246665101], [0.9031365313653137, 0.9258896951385621, 0.9031365313653137, 0.8863611246665101], [0.9031365313653137, 0.9258896951385621, 0.9031365313653137, 0.8863611246665101], [0.9031365313653137, 0.9258896951385621, 0.9031365313653137, 0.8863611246665101]],
  "LSTM_PREPAD_FREQBASED": [[0.9031365313653137, 0.9258896951385621, 0.9031365313653137, 0.8863611246665101], [0.9031365313653137, 0.9258896951385621, 0.9031365313653137, 0.8863611246665101], [0.9031365313653137, 0.9258896951385621, 0.9031365313653137, 0.8863611246665101], [0.9031365313653137, 0.9258896951385621, 0.9031365313653137, 0.8863611246665101], [0.8929889298892989, 0.8929889298892989, 0.8929889298892989, 0.8929889298892989], [0.9031365313653137, 0.9258896951385621, 0.9031365313653137, 0.8863611246665101]],
  "LSTM_CONT_ONEHOT": [[0.8929889298892989, 0.8929889298892989, 0.8929889298892989, 0.8929889298892989], [0.8929889298892989, 0.8929889298892989, 0.8929889298892989, 0.8929889298892989], [0.8929889298892989, 0.8929889298892989, 0.8929889298892989, 0.8929889298892989], [0.8929889298892989, 0.8929889298892989, 0.8929889298892989, 0.8929889298892989], [0.8929889298892989, 0.8929889298892989, 0.8929889298892989, 0.8929889298892989], [0.8929889298892989, 0.8929889298892989, 0.8929889298892989, 0.8929889298892989]],
  "LSTM_CONT_EMBEDDED": [[0.8929889298892989, 0.8929889298892989, 0.8929889298892989, 0.8929889298892989], [0.8929889298892989, 0.8929889298892989, 0.8929889298892989, 0.8929889298892989], [0.8929889298892989, 0.8929889298892989, 0.8929889298892989, 0.8929889298892989], [0.8929889298892989, 0.8929889298892989, 0.8929889298892989, 0.8929889298892989], [0.8929889298892989, 0.8929889298892989, 0.8929889298892989, 0.8929889298892989], [0.8929889298892989, 0.8929889298892989, 0.8929889298892989, 0.8929889298892989]],
  "LSTM_CONT_FREQBASED": [[0.7970479704797048, 0.7165767811524268, 0.7970479704797048, 0.7447416974169742], [0.8929889298892989, 0.8929889298892989, 0.8929889298892989, 0.8929889298892989], [0.8929889298892989, 0.8929889298892989, 0.8929889298892989, 0.8929889298892989], [0.8505535055350554, 0.7491433842909857, 0.8505535055350554, 0.7901389652194394], [0.8929889298892989, 0.8929889298892989, 0.8929889298892989, 0.8929889298892989], [0.8929889298892989, 0.8929889298892989, 0.8929889298892989, 0.8929889298892989]],
  "CNN_PREPAD_ONEHOT": [[0.9031365313653137, 0.9258896951385621, 0.9031365313653137, 0.8863611246665101], [0.9031365313653137, 0.9258896951385621, 0.9031365313653137, 0.8863611246665101], [0.9031365313653137, 0.9258896951385621, 0.9031365313653137, 0.8863611246665101], [0.8929889298892989, 0.8929889298892989, 0.8929889298892989, 0.8929889298892989], [0.9031365313653137, 0.9258896951385621, 0.9031365313653137, 0.8863611246665101], [0.9031365313653137, 0.9258896951385621, 0.9031365313653137, 0.8863611246665101]],
  "CNN_PREPAD_EMBEDDED": [[0.9031365313653137, 0.9258896951385621, 0.9031365313653137, 0.8863611246665101], [0.9031365313653137, 0.9258896951385621, 0.9031365313653137, 0.8863611246665101], [0.9031365313653137, 0.9258896951385621, 0.9031365313653137, 0.8863611246665101], [0.9031365313653137, 0.9258896951385621, 0.9031365313653137, 0.8863611246665101], [0.9031365313653137, 0.9258896951385621, 0.9031365313653137, 0.8863611246665101], [0.9031365313653137, 0.9258896951385621, 0.9031365313653137, 0.8863611246665101]], 
  "CNN_PREPAD_FREQBASED": [[0.9031365313653137, 0.9258896951385621, 0.9031365313653137, 0.8863611246665101], [0.9031365313653137, 0.9258896951385621, 0.9031365313653137, 0.8863611246665101], [0.9031365313653137, 0.9258896951385621, 0.9031365313653137, 0.8863611246665101], [0.8431734317343174, 0.9234761925932512, 0.8431734317343174, 0.8442234056077702], [0.9031365313653137, 0.9258896951385621, 0.9031365313653137, 0.8863611246665101], [0.9031365313653137, 0.9258896951385621, 0.9031365313653137, 0.8863611246665101]], 
  "CNN_CONT_ONEHOT": [[0.8929889298892989, 0.8929889298892989, 0.8929889298892989, 0.8929889298892989], [0.8929889298892989, 0.8929889298892989, 0.8929889298892989, 0.8929889298892989], [0.8929889298892989, 0.8929889298892989, 0.8929889298892989, 0.8929889298892989], [0.8929889298892989, 0.8929889298892989, 0.8929889298892989, 0.8929889298892989], [0.8929889298892989, 0.8929889298892989, 0.8929889298892989, 0.8929889298892989], [0.8929889298892989, 0.8929889298892989, 0.8929889298892989, 0.8929889298892989]], 
  "CNN_CONT_EMBEDDED": [[0.8929889298892989, 0.8929889298892989, 0.8929889298892989, 0.8929889298892989], [0.8929889298892989, 0.8929889298892989, 0.8929889298892989, 0.8929889298892989], [0.8929889298892989, 0.8929889298892989, 0.8929889298892989, 0.8929889298892989], [0.8505535055350554, 0.7491433842909857, 0.8505535055350554, 0.7901389652194394], [0.8929889298892989, 0.8929889298892989, 0.8929889298892989, 0.8929889298892989], [0.8929889298892989, 0.8929889298892989, 0.8929889298892989, 0.8929889298892989]], 
  "CNN_CONT_FREQBASED": [[0.8431734317343174, 0.9234761925932512, 0.8431734317343174, 0.8442234056077702], [0.8929889298892989, 0.8929889298892989, 0.8929889298892989, 0.8929889298892989], [0.8431734317343174, 0.9234761925932512, 0.8431734317343174, 0.8442234056077702], [0.8929889298892989, 0.8929889298892989, 0.8929889298892989, 0.8929889298892989], [0.8929889298892989, 0.8929889298892989, 0.8929889298892989, 0.8929889298892989], [0.8929889298892989, 0.8929889298892989, 0.8929889298892989, 0.8929889298892989]],