{ "LSTM_PREPAD_ONEHOT": [[0.8032200357781754, 0.7349903847141142, 0.8032200357781754, 0.7557791165102814, 303.895712852478], [0.8032200357781754, 0.7325286313119813, 0.8032200357781754, 0.7558078284845484, 246.0113410949707], [0.7942754919499105, 0.7339995589001794, 0.7942754919499105, 0.7484995224106422, 117.06597924232483], [0.800834824090638, 0.7343720009108102, 0.800834824090638, 0.7537243243141267, 277.00251817703247], [0.8020274299344067, 0.7383034697261073, 0.8020274299344067, 0.7551290941343745, 387.1305959224701]],
  "LSTM_PREPAD_EMBEDDED": [[0.7957662492546214, 0.7264186687374072, 0.7957662492546214, 0.749236254410262, 247.1077597141266], [0.7993440667859273, 0.719274193092515, 0.7993440667859273, 0.7525733826142537, 535.28178358078], [0.7966607036374478, 0.7244432893761913, 0.7966607036374478, 0.7485459477554526, 238.66108918190002], [0.800834824090638, 0.7279457443491901, 0.800834824090638, 0.7524616764589954, 581.1447923183441], [0.7901013714967203, 0.7249079616830902, 0.7901013714967203, 0.744105394470991, 297.49643778800964]],
  "LSTM_PREPAD_FREQBASED": [[0.7871198568872988, 0.715610563428363, 0.7871198568872988, 0.7390243379165612, 246.70382046699524], [0.7814549791293978, 0.6853356907174962, 0.7814549791293978, 0.728298449071495, 151.60967445373535], [0.7853309481216458, 0.7135479772856569, 0.7853309481216458, 0.7371236766308911, 118.57873845100403], [0.7874180083482409, 0.7152723278633217, 0.7874180083482409, 0.7390100603936391, 193.78850722312927], [0.7901013714967203, 0.7194766357647899, 0.7901013714967203, 0.7422031472369102, 381.67577862739563]],
  "LSTM_CONT_ONEHOT": [[0.8002385211687537, 0.7377627254588109, 0.8002385211687537, 0.753680203285381, 90.05450367927551], [0.8014311270125224, 0.7687881635799474, 0.8014311270125224, 0.7553876275185726, 102.27748775482178], [0.800834824090638, 0.7343780975431169, 0.800834824090638, 0.7539908412352724, 77.56516480445862], [0.800834824090638, 0.7319775256755057, 0.800834824090638, 0.7538162254240947, 90.23254346847534], [0.7975551580202743, 0.7650096154988282, 0.7975551580202743, 0.7572020749021685, 98.71704292297363]],
  "LSTM_CONT_EMBEDDED": [[0.7868217054263565, 0.7208186167482675, 0.7868217054263565, 0.7404202758221194, 55.68224549293518], [0.791293977340489, 0.7279981949414273, 0.791293977340489, 0.7461214255007795, 131.61664605140686], [0.7877161598091831, 0.7104084172481372, 0.7877161598091831, 0.7379235036849372, 117.79563164710999], [0.7737030411449016, 0.7342656687187902, 0.7737030411449016, 0.7286635184241865, 81.82705283164978], [0.7978533094812165, 0.7277863518240867, 0.7978533094812165, 0.7501661574211652, 77.2795922756195]],
  "LSTM_CONT_FREQBASED": [[0.7889087656529516, 0.7237202799556535, 0.7889087656529516, 0.7414541910015633, 329.4195008277893], [0.7886106141920095, 0.7164445067385494, 0.7886106141920095, 0.74030701925039, 168.2499601840973], [0.7901013714967203, 0.7214541203759989, 0.7901013714967203, 0.7428802466191237, 245.12743163108826], [0.7853309481216458, 0.7067084919105907, 0.7853309481216458, 0.7392347585226015, 248.5275101661682], [0.7898032200357782, 0.7200654164909308, 0.7898032200357782, 0.7426522202402088, 168.4785783290863]],
  "CNN_PREPAD_ONEHOT": [[0.8005366726296959, 0.7275964739435057, 0.8005366726296959, 0.7525749579088222, 321.7822344303131], [0.8029218843172331, 0.7321764643801164, 0.8029218843172331, 0.7550289459600048, 397.6981625556946], [0.7984496124031008, 0.7234694041338365, 0.7984496124031008, 0.7529802815090606, 159.85234022140503], [0.8044126416219439, 0.732084917285743, 0.8044126416219439, 0.7562234258419215, 471.13879132270813], [0.8038163387000596, 0.7325258510981234, 0.8038163387000596, 0.7559847120003452, 278.3820595741272]], 
  "CNN_PREPAD_EMBEDDED": [[0.8020274299344067, 0.7307874763803816, 0.8020274299344067, 0.7544236748378246, 670.0115323066711], [0.7981514609421586, 0.7306300562374138, 0.7981514609421586, 0.7520068946113888, 401.32194232940674], [0.8041144901610018, 0.7324037200384117, 0.8041144901610018, 0.7558390261292351, 591.2788834571838], [0.783840190816935, 0.7007562708843015, 0.783840190816935, 0.7342855425725183, 315.6385748386383], [0.7966607036374478, 0.7251663540228599, 0.7966607036374478, 0.7498768017424803, 321.23222255706787]], 
  "CNN_PREPAD_FREQBASED": [[0.7963625521765056, 0.7312648552529654, 0.7963625521765056, 0.7491013196143973, 554.5916199684143], [0.7951699463327371, 0.7263506048391118, 0.7951699463327371, 0.7479796017283254, 514.1662995815277], [0.7951699463327371, 0.7261557913076914, 0.7951699463327371, 0.7479553344278254, 546.0060086250305], [0.7954680977936792, 0.7262317517839276, 0.7954680977936792, 0.7481046687705695, 470.782559633255], [0.7903995229576625, 0.7184697895651104, 0.7903995229576625, 0.7423859870648597, 470.9733462333679]],
  "CNN_CONT_ONEHOT": [[0.7996422182468694, 0.727296753696503, 0.7996422182468694, 0.75203835982735, 116.9080605506897], [0.7993440667859273, 0.727210052628431, 0.7993440667859273, 0.7546095069230593, 330.30760502815247], [0.7868217054263565, 0.7096447149544739, 0.7868217054263565, 0.7376587994006121, 332.87952041625977], [0.8011329755515803, 0.7340810308833438, 0.8011329755515803, 0.754385287183007, 423.6245741844177], [0.7999403697078116, 0.7305375503172574, 0.7999403697078116, 0.7531132922337485, 389.2923595905304]], 
  "CNN_CONT_EMBEDDED": [[0.7954680977936792, 0.7298868594386485, 0.7954680977936792, 0.7504671663904834, 226.84791922569275], [0.7999403697078116, 0.7304705734402481, 0.7999403697078116, 0.7521557317293961, 309.9959876537323], [0.8020274299344067, 0.7280690823648717, 0.8020274299344067, 0.7538984244779222, 396.5636303424835], [0.7984496124031008, 0.7286895604554526, 0.7984496124031008, 0.7511063626895756, 280.7226650714874], [0.7877161598091831, 0.7107010530190527, 0.7877161598091831, 0.7379687625807558, 336.6565451622009]],
  "CNN_CONT_FREQBASED": [[0.7924865831842576, 0.720824169467358, 0.7924865831842576, 0.7443683304256371, 469.9582438468933], [0.7924865831842576, 0.7265940939162893, 0.7924865831842576, 0.7459759519700325, 390.4980261325836], [0.791293977340489, 0.7197042968453851, 0.791293977340489, 0.7443351004860123, 320.7562630176544], [0.7927847346451997, 0.7241235921083291, 0.7927847346451997, 0.7459631464826867, 313.4552049636841], [0.7939773404889684, 0.7256881691370652, 0.7939773404889684, 0.7470114119412933, 510.60533452033997]],