{"LSTM_PREPAD_ONEHOT": [[0.6136363636363636, 0.5057260920897285, 0.6136363636363636, 0.5358585858585858, 17.941781044006348], [0.6818181818181818, 0.5739079102715468, 0.6818181818181818, 0.611111111111111, 15.510976791381836], [0.6363636363636364, 0.5774793388429752, 0.6363636363636364, 0.545959595959596, 14.467408180236816]], "LSTM_PREPAD_EMBEDDED": [[0.6363636363636364, 0.5630853994490358, 0.6363636363636364, 0.5777417027417027, 9.430624008178711], [0.45454545454545453, 0.3735431235431236, 0.45454545454545453, 0.36688311688311687, 9.925148010253906], [0.09090909090909091, 0.008658008658008658, 0.09090909090909091, 0.015810276679841893, 7.628944158554077]], "LSTM_PREPAD_FREQBASED": [[0.18181818181818182, 0.0662644244300591, 0.18181818181818182, 0.09310073983987027, 10.061877012252808], [0.22727272727272727, 0.061079545454545456, 0.22727272727272727, 0.09610389610389611, 7.398256778717041], [0.22727272727272727, 0.0668103448275862, 0.22727272727272727, 0.10197563874034463, 10.145829916000366]], "LSTM_CONT_ONEHOT": [[0.6363636363636364, 0.5774793388429752, 0.6363636363636364, 0.545959595959596, 14.545302152633667], [0.6363636363636364, 0.5774793388429752, 0.6363636363636364, 0.545959595959596, 11.162461996078491], [0.6136363636363636, 0.5057260920897285, 0.6136363636363636, 0.5358585858585858, 12.614504098892212]], "LSTM_CONT_EMBEDDED": [[0.6136363636363636, 0.5057260920897285, 0.6136363636363636, 0.5358585858585858, 13.47106409072876], [0.6136363636363636, 0.5057260920897285, 0.6136363636363636, 0.5358585858585858, 12.929890155792236], [0.6818181818181818, 0.5865702479338842, 0.6818181818181818, 0.5954460572107632, 12.695381164550781]], "LSTM_CONT_FREQBASED": [[0.18181818181818182, 0.08264462809917356, 0.18181818181818182, 0.10632642211589581, 9.099055051803589], [0.13636363636363635, 0.058884297520661155, 0.13636363636363635, 0.07828282828282827, 9.494077920913696], [0.11363636363636363, 0.03576962809917355, 0.11363636363636363, 0.05441110613524405, 
  13.571738958358765]],
  "CNN_PREPAD_ONEHOT": [[0.09090909090909091, 0.03305785123966942, 0.09090909090909091, 0.048484848484848485, 4.920573949813843], [0.09090909090909091, 0.008264462809917356, 0.09090909090909091, 0.015151515151515154, 4.156460762023926], [0.09090909090909091, 0.008264462809917356, 0.09090909090909091, 0.015151515151515154, 5.238749980926514]], "CNN_PREPAD_EMBEDDED": [[0.1590909090909091, 0.0253099173553719, 0.1590909090909091, 0.04367201426024955, 6.294098138809204], [0.1590909090909091, 0.0253099173553719, 0.1590909090909091, 0.04367201426024955, 5.140145778656006], [0.09090909090909091, 0.008264462809917356, 0.09090909090909091, 0.015151515151515154, 4.643947124481201]], "CNN_PREPAD_FREQBASED": [[0.1590909090909091, 0.0253099173553719, 0.1590909090909091, 0.04367201426024955, 4.874728202819824], [0.1590909090909091, 0.02930622009569378, 0.1590909090909091, 0.0494949494949495, 5.283540964126587], [0.09090909090909091, 0.008264462809917356, 0.09090909090909091, 0.015151515151515154, 6.272287130355835]], "CNN_CONT_ONEHOT": [[0.09090909090909091, 0.008264462809917356, 0.09090909090909091, 0.015151515151515154, 4.907953262329102], [0.1590909090909091, 0.053030303030303025, 0.1590909090909091, 0.07954545454545454, 4.864974021911621], [0.09090909090909091, 0.008264462809917356, 0.09090909090909091, 0.015151515151515154, 4.287171840667725]], "CNN_CONT_EMBEDDED": [[0.09090909090909091, 0.008264462809917356, 0.09090909090909091, 0.015151515151515154, 5.109280824661255], [0.1590909090909091, 0.0253099173553719, 0.1590909090909091, 0.04367201426024955, 7.361277103424072], [0.09090909090909091, 0.008264462809917356, 0.09090909090909091, 0.015151515151515154, 5.879341125488281]], "CNN_CONT_FREQBASED": [[0.09090909090909091, 0.008264462809917356, 0.09090909090909091, 0.015151515151515154, 6.75787091255188], [0.1590909090909091, 0.0253099173553719, 0.1590909090909091, 0.04367201426024955, 6.8078789710998535], [0.09090909090909091, 0.008264462809917356, 0.09090909090909091, 0.015151515151515154, 7.154099941253662]], "DT_PREPAD_ONEHOT": [["Fold 0", "gini", 0.6206896551724138, 0.5714285714285714, 0.6206896551724138, 0.5689655172413793, 0.015032052993774414], ["Fold 0", "entropy", 0.6206896551724138, 0.5714285714285714, 0.6206896551724138, 0.5689655172413793, 0.0032608509063720703], ["Fold 0", "log_loss", 0.6206896551724138, 0.5714285714285714, 0.6206896551724138, 0.5689655172413793, 0.0027008056640625], ["Fold 1", "gini", 0.6896551724137931, 0.577175697865353, 0.6896551724137931, 0.6149425287356322, 0.002766132354736328], ["Fold 1", "entropy", 0.6896551724137931, 0.577175697865353, 0.6896551724137931, 0.6149425287356322, 0.001993894577026367], ["Fold 1", "log_loss", 0.6896551724137931, 0.577175697865353, 0.6896551724137931, 0.6149425287356322, 0.0024709701538085938], ["Fold 2", "gini", 0.7931034482758621, 0.6767241379310345, 0.7931034482758621, 0.7188328912466844, 0.001940011978149414], ["Fold 2", "entropy", 0.7931034482758621, 0.6767241379310345, 0.7931034482758621, 0.7188328912466844, 0.002629995346069336], ["Fold 2", "log_loss", 0.7931034482758621, 0.6767241379310345, 0.7931034482758621, 0.7188328912466844, 0.002368927001953125], ["Fold 3", "gini", 0.6551724137931034, 0.5369458128078817, 0.6551724137931034, 0.5799373040752351, 0.002471923828125], ["Fold 3", "entropy", 0.6551724137931034, 0.5369458128078817, 0.6551724137931034, 0.5799373040752351, 0.0021550655364990234], ["Fold 3", "log_loss", 0.6551724137931034, 0.5369458128078817, 0.6551724137931034, 0.5799373040752351, 0.002975940704345703], ["Fold 4", "gini", 0.75, 0.6377551020408163, 0.75, 0.6812770562770563, 0.0030341148376464844], ["Fold 4", "entropy", 0.75, 0.6377551020408163, 0.75, 0.6812770562770563, 0.003467082977294922], ["Fold 4", "log_loss", 0.75, 0.6377551020408163, 0.75, 0.6812770562770563, 0.0053021907806396484], ["Fold 5", "gini", 0.7142857142857143, 0.6079931972789115, 0.7142857142857143, 0.6455627705627707, 0.003899812698364258], ["Fold 5", "entropy", 0.7142857142857143, 0.6079931972789115, 0.7142857142857143, 0.6455627705627707, 0.0020961761474609375], ["Fold 5", "log_loss", 0.7142857142857143, 0.6079931972789115, 0.7142857142857143, 0.6455627705627707, 0.002523183822631836]],