{"LSTM_PREPAD_ONEHOT": [[0.8181818181818182, 0.768595041322314, 0.8181818181818182, 0.7792207792207791, 34.717907190322876], [0.8181818181818182, 0.768595041322314, 0.8181818181818182, 0.7792207792207791, 27.469653844833374], [0.9318181818181818, 0.8822314049586777, 0.9318181818181818, 0.90311004784689, 17.883979082107544]], "LSTM_PREPAD_EMBEDDED": [[0.2727272727272727, 0.29338842975206614, 0.2727272727272727, 0.22683982683982684, 15.004321813583374], [0.8181818181818182, 0.768595041322314, 0.8181818181818182, 0.7792207792207791, 10.620792865753174], [0.8181818181818182, 0.768595041322314, 0.8181818181818182, 0.7792207792207791, 13.675458192825317]],
  "LSTM_PREPAD_FREQBASED": [[0.11363636363636363, 0.015782828282828284, 0.11363636363636363, 0.027716186252771623, 10.161442995071411], [0.25, 0.07738095238095237, 0.25, 0.11428571428571428, 7.361116170883179], [0.20454545454545456, 0.10762032085561497, 0.20454545454545456, 0.12004662004662005, 12.946905136108398]], "LSTM_CONT_ONEHOT": [[0.8181818181818182, 0.768595041322314, 0.8181818181818182, 0.7792207792207791, 18.266671895980835], [0.8181818181818182, 0.768595041322314, 0.8181818181818182, 0.7792207792207791, 12.275088787078857], [0.8181818181818182, 0.768595041322314, 0.8181818181818182, 0.7792207792207791, 17.86660099029541]], "LSTM_CONT_EMBEDDED": [[0.4090909090909091, 0.41565386485172584, 0.4090909090909091, 0.34710743801652894, 8.682662010192871], [0.8181818181818182, 0.768595041322314, 0.8181818181818182, 0.7792207792207791, 11.090553760528564], [0.8181818181818182, 0.768595041322314, 0.8181818181818182, 0.7792207792207791, 10.634213209152222]], "LSTM_CONT_FREQBASED": [[0.11363636363636363, 0.014204545454545454, 0.11363636363636363, 0.025252525252525252, 6.605264186859131], [0.11363636363636363, 0.012913223140495866, 0.11363636363636363, 0.02319109461966605, 5.935210943222046], [0.11363636363636363, 0.014952153110047845, 0.11363636363636363, 0.026427061310782242, 6.421123743057251]], "CNN_PREPAD_ONEHOT": [[0.06818181818181818, 0.004648760330578512, 0.06818181818181818, 0.008704061895551257, 2.913722276687622], [0.06818181818181818, 0.004648760330578512, 0.06818181818181818, 0.008704061895551257, 2.731621026992798], [0.18181818181818182, 0.03305785123966942, 0.18181818181818182, 0.055944055944055944, 4.2316460609436035]], "CNN_PREPAD_EMBEDDED": [[0.06818181818181818, 0.004648760330578512, 0.06818181818181818, 0.008704061895551257, 2.6250619888305664], [0.18181818181818182, 0.03305785123966942, 0.18181818181818182, 0.055944055944055944, 2.6336960792541504], [0.18181818181818182, 0.03305785123966942, 0.18181818181818182, 0.055944055944055944, 2.5712709426879883]], "CNN_PREPAD_FREQBASED": [[0.06818181818181818, 0.004648760330578512, 0.06818181818181818, 0.008704061895551257, 2.7412731647491455], [0.18181818181818182, 0.05818181818181818, 0.18181818181818182, 0.0881542699724518, 2.721060276031494], [0.06818181818181818, 0.004648760330578512, 0.06818181818181818, 0.008704061895551257, 2.651689052581787]], "CNN_CONT_ONEHOT": [[0.25, 0.1875, 0.25, 0.19230769230769232, 4.905638217926025], [0.06818181818181818, 0.004648760330578512, 0.06818181818181818, 0.008704061895551257, 2.687126636505127], [0.06818181818181818, 0.004648760330578512, 0.06818181818181818, 0.008704061895551257, 3.243459939956665]], "CNN_CONT_EMBEDDED": [[0.06818181818181818, 0.004648760330578512, 0.06818181818181818, 0.008704061895551257, 2.744951009750366], [0.06818181818181818, 0.004648760330578512, 0.06818181818181818, 0.008704061895551257, 2.9095590114593506], [0.13636363636363635, 0.018595041322314047, 0.13636363636363635, 0.03272727272727273, 2.4689841270446777]], "CNN_CONT_FREQBASED": [[0.06818181818181818, 0.005382775119617224, 0.06818181818181818, 0.009977827050997782, 2.677295207977295], [0.06818181818181818, 0.004648760330578512, 0.06818181818181818, 0.008704061895551257, 2.7051119804382324], [0.06818181818181818, 0.004648760330578512, 0.06818181818181818, 0.008704061895551257, 2.5968849658966064]],
  "DT_PREPAD_ONEHOT": [["Fold 0", "gini", 0.896551724137931, 0.8374384236453202, 0.896551724137931, 0.8589341692789969, 0.0018999576568603516],
    ["Fold 0", "entropy", 0.896551724137931, 0.8374384236453202, 0.896551724137931, 0.8589341692789969, 0.0010349750518798828], ["Fold 0", "log_loss", 0.896551724137931, 0.8374384236453202, 0.896551724137931, 0.8589341692789969, 0.0011219978332519531], ["Fold 1", "gini", 0.896551724137931, 0.8374384236453202, 0.896551724137931, 0.8589341692789969, 0.0010411739349365234], ["Fold 1", "entropy", 0.896551724137931, 0.8374384236453202, 0.896551724137931, 0.8589341692789969, 0.0009708404541015625], ["Fold 1", "log_loss", 0.896551724137931, 0.8374384236453202, 0.896551724137931, 0.8589341692789969, 0.001096963882446289], ["Fold 2", "gini", 0.896551724137931, 0.8374384236453202, 0.896551724137931, 0.8589341692789969, 0.0010328292846679688], ["Fold 2", "entropy", 0.896551724137931, 0.8374384236453202, 0.896551724137931, 0.8589341692789969, 0.0011758804321289062], ["Fold 2", "log_loss", 0.896551724137931, 0.8374384236453202, 0.896551724137931, 0.8589341692789969, 0.001172780990600586], ["Fold 3", "gini", 0.896551724137931, 0.8374384236453202, 0.896551724137931, 0.8589341692789969, 0.0010440349578857422], ["Fold 3", "entropy", 0.896551724137931, 0.8374384236453202, 0.896551724137931, 0.8589341692789969, 0.0011169910430908203], ["Fold 3", "log_loss", 0.896551724137931, 0.8374384236453202, 0.896551724137931, 0.8589341692789969, 0.0010600090026855469], ["Fold 4", "gini", 0.8571428571428571, 0.7857142857142857, 0.8571428571428571, 0.8095238095238094, 0.0010228157043457031], ["Fold 4", "entropy", 0.8571428571428571, 0.7857142857142857, 0.8571428571428571, 0.8095238095238094, 0.0010879039764404297], ["Fold 4", "log_loss", 0.8571428571428571, 0.7857142857142857, 0.8571428571428571, 0.8095238095238094, 0.0012240409851074219], ["Fold 5", "gini", 0.8928571428571429, 0.8316326530612245, 0.8928571428571429, 0.8538961038961039, 0.0011289119720458984], ["Fold 5", "entropy", 0.8928571428571429, 0.8316326530612245, 0.8928571428571429, 0.8538961038961039, 0.001049041748046875], ["Fold 5", "log_loss", 0.8928571428571429, 0.8316326530612245, 0.8928571428571429, 0.8538961038961039, 0.0011639595031738281]],