{"LSTM_PREPAD_ONEHOT": [[0.7857142857142857, 0.8660714285714286, 0.7857142857142857, 0.7747252747252747], [0.2857142857142857, 0.32857142857142857, 0.2857142857142857, 0.25788497217068646], [0.35714285714285715, 0.12755102040816327, 0.35714285714285715, 0.18796992481203006], [0.6428571428571429, 0.6488095238095237, 0.6428571428571429, 0.6275510204081632], [0.7857142857142857, 0.8660714285714286, 0.7857142857142857, 0.7747252747252747], [0.7857142857142857, 0.7882653061224489, 0.7857142857142857, 0.7820512820512819]], "LSTM_PREPAD_EMBEDDED": [[0.5714285714285714, 0.45238095238095244, 0.5714285714285714, 0.5], [0.7142857142857143, 0.7946428571428571, 0.7142857142857143, 0.7032967032967034], [0.6428571428571429, 0.44805194805194803, 0.6428571428571429, 0.5168067226890756], [0.42857142857142855, 0.18367346938775508, 0.42857142857142855, 0.2571428571428571], [0.5714285714285714, 0.5714285714285714, 0.5714285714285714, 0.489795918367347], [0.35714285714285715, 0.17857142857142858, 0.35714285714285715, 0.2380952380952381]], "LSTM_PREPAD_FREQBASED": [[0.35714285714285715, 0.13736263736263737, 0.35714285714285715, 0.1984126984126984], [0.35714285714285715, 0.13736263736263737, 0.35714285714285715, 0.1984126984126984], [0.35714285714285715, 0.12755102040816327, 0.35714285714285715, 0.18796992481203006], [0.35714285714285715, 0.12755102040816327, 0.35714285714285715, 0.18796992481203006], [0.42857142857142855, 0.35000000000000003, 0.42857142857142855, 0.373015873015873], [0.5, 0.4642857142857143, 0.5, 0.42857142857142855]], "LSTM_CONT_ONEHOT": [[0.7142857142857143, 0.7946428571428571, 0.7142857142857143, 0.7032967032967034], [0.6428571428571429, 0.6785714285714286, 0.6428571428571429, 0.5952380952380951], [0.7857142857142857, 0.7952380952380952, 0.7857142857142857, 0.7857142857142857], [0.5, 0.375, 0.5, 0.41632653061224495], [0.7857142857142857, 0.7882653061224489, 0.7857142857142857, 0.7820512820512819], [0.5, 0.2692307692307692, 0.5, 0.3421052631578947]], "LSTM_CONT_EMBEDDED": [[0.7142857142857143, 0.7857142857142857, 0.7142857142857143, 0.689795918367347], [0.7142857142857143, 0.7946428571428571, 0.7142857142857143, 0.7032967032967034], [0.7142857142857143, 0.7857142857142857, 0.7142857142857143, 0.689795918367347], [0.5, 0.554945054945055, 0.5, 0.3897243107769424], [0.42857142857142855, 0.1978021978021978, 0.42857142857142855, 0.2706766917293233], [0.7142857142857143, 0.6666666666666666, 0.7142857142857143, 0.6642857142857144]], "LSTM_CONT_FREQBASED": [[0.5, 0.3051948051948052, 0.5, 0.36607142857142855], [0.21428571428571427, 0.0974025974025974, 0.21428571428571427, 0.13392857142857142], [0.21428571428571427, 0.1369047619047619, 0.21428571428571427, 0.1584415584415584], [0.21428571428571427, 0.13392857142857142, 0.21428571428571427, 0.16483516483516483], [0.21428571428571427, 0.10714285714285714, 0.21428571428571427, 0.14285714285714285], [0.07142857142857142, 0.00510204081632653, 0.07142857142857142, 0.009523809523809523]], "CNN_PREPAD_ONEHOT": [[0.35714285714285715, 0.1488095238095238, 0.35714285714285715, 0.21008403361344538], [0.42857142857142855, 0.18367346938775508, 0.42857142857142855, 0.2571428571428571], [0.35714285714285715, 0.3333333333333333, 0.35714285714285715, 0.27521008403361347], [0.42857142857142855, 0.18367346938775508, 0.42857142857142855, 0.2571428571428571], [0.42857142857142855, 0.18367346938775508, 0.42857142857142855, 0.2571428571428571], [0.35714285714285715, 0.3333333333333333, 0.35714285714285715, 0.27521008403361347]], "CNN_PREPAD_EMBEDDED": [[0.35714285714285715, 0.12755102040816327, 0.35714285714285715, 0.18796992481203006], [0.42857142857142855, 0.18367346938775508, 0.42857142857142855, 0.2571428571428571], [0.35714285714285715, 0.12755102040816327, 0.35714285714285715, 0.18796992481203006], [0.42857142857142855, 0.18367346938775508, 0.42857142857142855, 0.2571428571428571], [0.5, 0.554945054945055, 0.5, 0.3897243107769424], [0.35714285714285715, 0.12755102040816327, 0.35714285714285715, 0.18796992481203006]], "CNN_PREPAD_FREQBASED": [[0.07142857142857142, 0.005494505494505495, 0.07142857142857142, 0.010204081632653062], [0.5714285714285714, 0.4642857142857143, 0.5714285714285714, 0.5015873015873017], [0.5, 0.2575757575757575, 0.5, 0.33749999999999997], [0.7142857142857143, 0.7380952380952381, 0.7142857142857143, 0.6612244897959184], [0.35714285714285715, 0.12755102040816327, 0.35714285714285715, 0.18796992481203006], [0.5, 0.3647959183673469, 0.5, 0.40952380952380946]], "CNN_CONT_ONEHOT": [[0.35714285714285715, 0.12755102040816327, 0.35714285714285715, 0.18796992481203006], [0.35714285714285715, 0.12755102040816327, 0.35714285714285715, 0.18796992481203006], [0.35714285714285715, 0.12755102040816327, 0.35714285714285715, 0.18796992481203006], [0.42857142857142855, 0.18367346938775508, 0.42857142857142855, 0.2571428571428571], [0.42857142857142855, 0.18367346938775508, 0.42857142857142855, 0.2571428571428571], [0.42857142857142855, 0.1978021978021978, 0.42857142857142855, 0.2706766917293233]], "CNN_CONT_EMBEDDED": [[0.35714285714285715, 0.12755102040816327, 0.35714285714285715, 0.18796992481203006], [0.35714285714285715, 0.12755102040816327, 0.35714285714285715, 0.18796992481203006], [0.35714285714285715, 0.12755102040816327, 0.35714285714285715, 0.18796992481203006], [0.5714285714285714, 0.44897959183673464, 0.5714285714285714, 0.5018315018315017], [0.35714285714285715, 0.12755102040816327, 0.35714285714285715, 0.18796992481203006], [0.35714285714285715, 0.1488095238095238, 0.35714285714285715, 0.21008403361344538]], "CNN_CONT_FREQBASED": [[0.5, 0.554945054945055, 0.5, 0.3897243107769424], [0.42857142857142855, 0.18367346938775508, 0.42857142857142855, 0.2571428571428571], [0.5714285714285714, 0.5, 0.5714285714285714, 0.4952380952380952], [0.42857142857142855, 0.18367346938775508, 0.42857142857142855, 0.2571428571428571], [0.42857142857142855, 0.18367346938775508, 0.42857142857142855, 0.2571428571428571], [0.42857142857142855, 0.18367346938775508, 0.42857142857142855, 0.2571428571428571]], "DT_PREPAD_ONEHOT": [["Fold 0", "gini", 0.6666666666666666, 0.6296296296296295, 0.6666666666666666, 0.6148148148148148], ["Fold 0", "entropy", 0.6666666666666666, 0.6296296296296295, 0.6666666666666666, 0.6148148148148148], ["Fold 0", "log_loss", 0.6666666666666666, 0.6296296296296295, 0.6666666666666666, 0.6148148148148148], ["Fold 1", "gini", 0.4444444444444444, 0.4444444444444444, 0.4444444444444444, 0.4444444444444444], ["Fold 1", "entropy", 0.5555555555555556, 0.6666666666666666, 0.5555555555555556, 0.5925925925925926], ["Fold 1", "log_loss", 0.4444444444444444, 0.5555555555555556, 0.4444444444444444, 0.48148148148148145], ["Fold 2", "gini", 0.5555555555555556, 0.5833333333333334, 0.5555555555555556, 0.5449735449735449], ["Fold 2", "entropy", 0.5555555555555556, 0.5833333333333334, 0.5555555555555556, 0.5449735449735449], ["Fold 2", "log_loss", 0.5555555555555556, 0.5833333333333334, 0.5555555555555556, 0.5449735449735449], ["Fold 3", "gini", 0.5555555555555556, 0.4722222222222222, 0.5555555555555556, 0.5079365079365079], ["Fold 3", "entropy", 0.5555555555555556, 0.4722222222222222, 0.5555555555555556, 0.5079365079365079], ["Fold 3", "log_loss", 0.5555555555555556, 0.4722222222222222, 0.5555555555555556, 0.5079365079365079], ["Fold 4", "gini", 0.6666666666666666, 0.8148148148148148, 0.6666666666666666, 0.7037037037037037], ["Fold 4", "entropy", 0.5555555555555556, 0.5555555555555556, 0.5555555555555556, 0.5259259259259259], ["Fold 4", "log_loss", 0.5555555555555556, 0.6666666666666666, 0.5555555555555556, 0.5629629629629629], ["Fold 5", "gini", 0.625, 0.6666666666666666, 0.625, 0.625], ["Fold 5", "entropy", 0.625, 0.6666666666666666, 0.625, 0.625], ["Fold 5", "log_loss", 0.625, 0.6666666666666666, 0.625, 0.625]],