{"LSTM_PREPAD_ONEHOT": [[0.8305084745762712, 0.7215496368038741, 0.8305084745762712, 0.7641857037582904], [0.8305084745762712, 0.7215496368038741, 0.8305084745762712, 0.7641857037582904], [0.8305084745762712, 0.7215496368038741, 0.8305084745762712, 0.7641857037582904], [0.8305084745762712, 0.7215496368038741, 0.8305084745762712, 0.7641857037582904], [0.7457627118644068, 0.769665362885702, 0.7457627118644068, 0.750683433570257], [0.8305084745762712, 0.7215496368038741, 0.8305084745762712, 0.7641857037582904]], "LSTM_PREPAD_EMBEDDED": [[0.7457627118644068, 0.769665362885702, 0.7457627118644068, 0.750683433570257], [0.8305084745762712, 0.7215496368038741, 0.8305084745762712, 0.7641857037582904], [0.8305084745762712, 0.7215496368038741, 0.8305084745762712, 0.7641857037582904], [0.8305084745762712, 0.7215496368038741, 0.8305084745762712, 0.7641857037582904], [0.8305084745762712, 0.7215496368038741, 0.8305084745762712, 0.7641857037582904], [0.8305084745762712, 0.7215496368038741, 0.8305084745762712, 0.7641857037582904]], "LSTM_PREPAD_FREQBASED": [[0.8305084745762712, 0.7215496368038741, 0.8305084745762712, 0.7641857037582904], [0.6610169491525424, 0.5418343631313417, 0.6610169491525424, 0.5805315515539683], [0.5254237288135594, 0.2760700948003447, 0.5254237288135594, 0.3619585687382298], [0.8305084745762712, 0.7215496368038741, 0.8305084745762712, 0.7641857037582904], [0.5254237288135594, 0.2760700948003447, 0.5254237288135594, 0.3619585687382298], [0.6949152542372882, 0.585956416464891, 0.6949152542372882, 0.6146297948260482]], "LSTM_CONT_ONEHOT": [[0.8305084745762712, 0.7215496368038741, 0.8305084745762712, 0.7641857037582904], [0.8305084745762712, 0.7215496368038741, 0.8305084745762712, 0.7641857037582904], [0.8305084745762712, 0.7215496368038741, 0.8305084745762712, 0.7641857037582904], [0.8305084745762712, 0.7215496368038741, 0.8305084745762712, 0.7641857037582904], [0.8305084745762712, 0.7215496368038741, 0.8305084745762712, 0.7641857037582904], [0.8305084745762712, 0.7215496368038741, 0.8305084745762712, 0.7641857037582904]], "LSTM_CONT_EMBEDDED": [[0.8305084745762712, 0.7215496368038741, 0.8305084745762712, 0.7641857037582904], [0.8305084745762712, 0.7215496368038741, 0.8305084745762712, 0.7641857037582904], [0.8305084745762712, 0.7215496368038741, 0.8305084745762712, 0.7641857037582904], [0.8305084745762712, 0.7215496368038741, 0.8305084745762712, 0.7641857037582904], [0.8305084745762712, 0.7215496368038741, 0.8305084745762712, 0.7641857037582904], [0.7457627118644068, 0.769665362885702, 0.7457627118644068, 0.750683433570257]], "LSTM_CONT_FREQBASED": [[0.8305084745762712, 0.7215496368038741, 0.8305084745762712, 0.7641857037582904], [0.7457627118644068, 0.769665362885702, 0.7457627118644068, 0.750683433570257], [0.6610169491525424, 0.5418343631313417, 0.6610169491525424, 0.5805315515539683], [0.6610169491525424, 0.5418343631313417, 0.6610169491525424, 0.5805315515539683], [0.7457627118644068, 0.769665362885702, 0.7457627118644068, 0.750683433570257], [0.7457627118644068, 0.769665362885702, 0.7457627118644068, 0.750683433570257]], "CNN_PREPAD_ONEHOT": [[0.7457627118644068, 0.769665362885702, 0.7457627118644068, 0.750683433570257], [0.8305084745762712, 0.7215496368038741, 0.8305084745762712, 0.7641857037582904], [0.8305084745762712, 0.7215496368038741, 0.8305084745762712, 0.7641857037582904], [0.8305084745762712, 0.7215496368038741, 0.8305084745762712, 0.7641857037582904], [0.5254237288135594, 0.2760700948003447, 0.5254237288135594, 0.3619585687382298], [0.8305084745762712, 0.7215496368038741, 0.8305084745762712, 0.7641857037582904]], "CNN_PREPAD_EMBEDDED": [[0.5254237288135594, 0.2760700948003447, 0.5254237288135594, 0.3619585687382298], [0.3050847457627119, 0.09307670209709855, 0.3050847457627119, 0.1426370239929562], [0.8305084745762712, 0.7215496368038741, 0.8305084745762712, 0.7641857037582904], [0.8305084745762712, 0.7215496368038741, 0.8305084745762712, 0.7641857037582904], [0.3050847457627119, 0.09307670209709855, 0.3050847457627119, 0.1426370239929562], [0.5254237288135594, 0.2760700948003447, 0.5254237288135594, 0.3619585687382298]], "CNN_PREPAD_FREQBASED": [[0.8305084745762712, 0.7215496368038741, 0.8305084745762712, 0.7641857037582904], [0.5254237288135594, 0.2760700948003447, 0.5254237288135594, 0.3619585687382298], [0.6949152542372882, 0.585956416464891, 0.6949152542372882, 0.6146297948260482], [0.8305084745762712, 0.7215496368038741, 0.8305084745762712, 0.7641857037582904], [0.8305084745762712, 0.7215496368038741, 0.8305084745762712, 0.7641857037582904], [0.8305084745762712, 0.7215496368038741, 0.8305084745762712, 0.7641857037582904]], "CNN_CONT_ONEHOT": [[0.6949152542372882, 0.585956416464891, 0.6949152542372882, 0.6146297948260482], [0.6949152542372882, 0.585956416464891, 0.6949152542372882, 0.6146297948260482], [0.5254237288135594, 0.2760700948003447, 0.5254237288135594, 0.3619585687382298], [0.8305084745762712, 0.7215496368038741, 0.8305084745762712, 0.7641857037582904], [0.5254237288135594, 0.2760700948003447, 0.5254237288135594, 0.3619585687382298], [0.7457627118644068, 0.769665362885702, 0.7457627118644068, 0.750683433570257]], "CNN_CONT_EMBEDDED": [[0.7457627118644068, 0.769665362885702, 0.7457627118644068, 0.750683433570257], [0.7457627118644068, 0.769665362885702, 0.7457627118644068, 0.750683433570257], [0.22033898305084745, 0.11687853107344633, 0.22033898305084745, 0.14882970137207424], [0.6949152542372882, 0.585956416464891, 0.6949152542372882, 0.6146297948260482], [0.5254237288135594, 0.2760700948003447, 0.5254237288135594, 0.3619585687382298], [0.5254237288135594, 0.2760700948003447, 0.5254237288135594, 0.3619585687382298]], "CNN_CONT_FREQBASED": [[0.5254237288135594, 0.2760700948003447, 0.5254237288135594, 0.3619585687382298], [0.7457627118644068, 0.769665362885702, 0.7457627118644068, 0.750683433570257], [0.7457627118644068, 0.769665362885702, 0.7457627118644068, 0.750683433570257], [0.7457627118644068, 0.769665362885702, 0.7457627118644068, 0.750683433570257], [0.5254237288135594, 0.2760700948003447, 0.5254237288135594, 0.3619585687382298], [0.8305084745762712, 0.7215496368038741, 0.8305084745762712, 0.7641857037582904]], "DT_PREPAD_ONEHOT": [["Fold 0", "gini", 0.775, 0.6464285714285715, 0.775, 0.6931818181818181], ["Fold 0", "entropy", 0.775, 0.6464285714285715, 0.775, 0.6931818181818181], ["Fold 0", "log_loss", 0.775, 0.6464285714285715, 0.775, 0.6931818181818181], ["Fold 1", "gini", 0.7692307692307693, 0.6423076923076924, 0.7692307692307693, 0.6873449131513647], ["Fold 1", "entropy", 0.7692307692307693, 0.6423076923076924, 0.7692307692307693, 0.6873449131513647], ["Fold 1", "log_loss", 0.7692307692307693, 0.6423076923076924, 0.7692307692307693, 0.6873449131513647], ["Fold 2", "gini", 0.7948717948717948, 0.6761133603238866, 0.7948717948717948, 0.7196581196581197], ["Fold 2", "entropy", 0.7948717948717948, 0.6761133603238866, 0.7948717948717948, 0.7196581196581197], ["Fold 2", "log_loss", 0.7948717948717948, 0.6761133603238866, 0.7948717948717948, 0.7196581196581197], ["Fold 3", "gini", 0.7948717948717948, 0.6761133603238866, 0.7948717948717948, 0.7196581196581197], ["Fold 3", "entropy", 0.7948717948717948, 0.6761133603238866, 0.7948717948717948, 0.7196581196581197], ["Fold 3", "log_loss", 0.7948717948717948, 0.6761133603238866, 0.7948717948717948, 0.7196581196581197], ["Fold 4", "gini", 0.7948717948717948, 0.6717948717948717, 0.7948717948717948, 0.717948717948718], ["Fold 4", "entropy", 0.7948717948717948, 0.6717948717948717, 0.7948717948717948, 0.717948717948718], ["Fold 4", "log_loss", 0.7948717948717948, 0.6717948717948717, 0.7948717948717948, 0.717948717948718], ["Fold 5", "gini", 0.5897435897435898, 0.6923076923076923, 0.5897435897435898, 0.6239316239316239], ["Fold 5", "entropy", 0.5897435897435898, 0.6923076923076923, 0.5897435897435898, 0.6239316239316239], ["Fold 5", "log_loss", 0.5897435897435898, 0.6923076923076923, 0.5897435897435898, 0.6239316239316239]],