{"LSTM_PREPAD_ONEHOT": [[0.8125, 0.7414772727272727, 0.8125, 0.76875], [0.75, 0.6583333333333333, 0.75, 0.6924342105263158], [0.5625, 0.8125, 0.5625, 0.5625], [0.75, 0.6583333333333333, 0.75, 0.6924342105263158], [0.8125, 0.6789772727272727, 0.8125, 0.7354166666666666], [0.75, 0.6583333333333333, 0.75, 0.6924342105263158]], "LSTM_PREPAD_EMBEDDED": [[0.75, 0.6789772727272727, 0.75, 0.69375], [0.8125, 0.6789772727272727, 0.8125, 0.7354166666666666], [0.75, 0.6583333333333333, 0.75, 0.6924342105263158], [0.5625, 0.824404761904762, 0.5625, 0.575], [0.8125, 0.6789772727272727, 0.8125, 0.7354166666666666], [0.5625, 0.390625, 0.5625, 0.4535714285714286]], "LSTM_PREPAD_FREQBASED": [[0.5, 0.46770833333333334, 0.5, 0.4640231092436975], [0.1875, 0.04791666666666666, 0.1875, 0.07386363636363637], [0.125, 0.030681818181818185, 0.125, 0.046130952380952384], [0.1875, 0.59375, 0.1875, 0.15957792207792207], [0.125, 0.030681818181818185, 0.125, 0.046130952380952384], [0.0625, 0.005208333333333333, 0.0625, 0.009615384615384616]], "LSTM_CONT_ONEHOT": [[0.8125, 0.6789772727272727, 0.8125, 0.7354166666666666], [0.8125, 0.6789772727272727, 0.8125, 0.7354166666666666], [0.75, 0.6375, 0.75, 0.6820175438596491], [0.75, 0.6789772727272727, 0.75, 0.69375], [0.8125, 0.6789772727272727, 0.8125, 0.7354166666666666], [0.6875, 0.6174242424242424, 0.6875, 0.6270833333333333]], "LSTM_CONT_EMBEDDED": [[0.75, 0.6789772727272727, 0.75, 0.69375], [0.75, 0.6789772727272727, 0.75, 0.69375], [0.8125, 0.6789772727272727, 0.8125, 0.7354166666666666], [0.8125, 0.6789772727272727, 0.8125, 0.7354166666666666], [0.75, 0.640625, 0.75, 0.6696428571428571], [0.625, 0.41025641025641024, 0.625, 0.4914772727272727]], "LSTM_CONT_FREQBASED": [[0.0625, 0.004807692307692308, 0.0625, 0.00892857142857143], [0.0625, 0.004807692307692308, 0.0625, 0.00892857142857143], [0.4375, 0.434375, 0.4375, 0.4178921568627451], [0.0625, 0.004807692307692308, 0.0625, 0.00892857142857143], [0.375, 0.412202380952381, 0.375, 0.3694196428571429], [0.0625, 0.004807692307692308, 0.0625, 0.00892857142857143]], "CNN_PREPAD_ONEHOT": [[0.5625, 0.31640625, 0.5625, 0.40499999999999997], [0.5625, 0.31640625, 0.5625, 0.40499999999999997], [0.5625, 0.31640625, 0.5625, 0.40499999999999997], [0.625, 0.4977272727272728, 0.625, 0.553125], [0.5625, 0.31640625, 0.5625, 0.40499999999999997], [0.5625, 0.33749999999999997, 0.5625, 0.42187499999999994]], "CNN_PREPAD_EMBEDDED": [[0.5625, 0.31640625, 0.5625, 0.40499999999999997], [0.5625, 0.31640625, 0.5625, 0.40499999999999997], [0.1875, 0.06051587301587301, 0.1875, 0.08750000000000001], [0.5625, 0.31640625, 0.5625, 0.40499999999999997], [0.5625, 0.31640625, 0.5625, 0.40499999999999997], [0.5625, 0.31640625, 0.5625, 0.40499999999999997]], "CNN_PREPAD_FREQBASED": [[0.4375, 0.609375, 0.4375, 0.4211538461538461], [0.5625, 0.31640625, 0.5625, 0.40499999999999997], [0.5625, 0.31640625, 0.5625, 0.40499999999999997], [0.625, 0.46875, 0.625, 0.5357142857142857], [0.5625, 0.31640625, 0.5625, 0.40499999999999997], [0.5625, 0.31640625, 0.5625, 0.40499999999999997]], "CNN_CONT_ONEHOT": [[0.5625, 0.31640625, 0.5625, 0.40499999999999997], [0.125, 0.015625, 0.125, 0.027777777777777776], [0.5625, 0.33749999999999997, 0.5625, 0.42187499999999994], [0.625, 0.39999999999999997, 0.625, 0.48437499999999994], [0.5625, 0.31640625, 0.5625, 0.40499999999999997], [0.625, 0.4519230769230769, 0.625, 0.5227272727272727]], "CNN_CONT_EMBEDDED": [[0.1875, 0.03515625, 0.1875, 0.05921052631578947], [0.625, 0.39999999999999997, 0.625, 0.48437499999999994], [0.5625, 0.31640625, 0.5625, 0.40499999999999997], [0.6875, 0.4866071428571429, 0.6875, 0.5652173913043479], [0.125, 0.015625, 0.125, 0.027777777777777776], [0.5625, 0.31640625, 0.5625, 0.40499999999999997]], "CNN_CONT_FREQBASED": [[0.5625, 0.31640625, 0.5625, 0.40499999999999997], [0.5625, 0.31640625, 0.5625, 0.40499999999999997], [0.5625, 0.31640625, 0.5625, 0.40499999999999997], [0.5625, 0.31640625, 0.5625, 0.40499999999999997], [0.5625, 0.31640625, 0.5625, 0.40499999999999997], [0.5625, 0.31640625, 0.5625, 0.40499999999999997]], "DT_PREPAD_ONEHOT": [["Fold 0", "gini", 0.8181818181818182, 0.7272727272727273, 0.8181818181818182, 0.7575757575757577], ["Fold 0", "entropy", 0.8181818181818182, 0.7272727272727273, 0.8181818181818182, 0.7575757575757577], ["Fold 0", "log_loss", 0.8181818181818182, 0.7272727272727273, 0.8181818181818182, 0.7575757575757577], ["Fold 1", "gini", 0.8181818181818182, 0.8787878787878788, 0.8181818181818182, 0.8060606060606059], ["Fold 1", "entropy", 0.8181818181818182, 0.8787878787878788, 0.8181818181818182, 0.8060606060606059], ["Fold 1", "log_loss", 0.8181818181818182, 0.8787878787878788, 0.8181818181818182, 0.8060606060606059], ["Fold 2", "gini", 0.6, 0.6, 0.6, 0.6], ["Fold 2", "entropy", 0.6, 0.6, 0.6, 0.6], ["Fold 2", "log_loss", 0.6, 0.6, 0.6, 0.6], ["Fold 3", "gini", 0.9, 0.9333333333333332, 0.9, 0.8933333333333333], ["Fold 3", "entropy", 0.9, 0.9333333333333332, 0.9, 0.8933333333333333], ["Fold 3", "log_loss", 0.9, 0.9333333333333332, 0.9, 0.8933333333333333], ["Fold 4", "gini", 0.7, 0.6333333333333333, 0.7, 0.6266666666666667], ["Fold 4", "entropy", 0.7, 0.6333333333333333, 0.7, 0.6266666666666667], ["Fold 4", "log_loss", 0.7, 0.6333333333333333, 0.7, 0.6266666666666667], ["Fold 5", "gini", 0.6, 0.475, 0.6, 0.5238095238095237], ["Fold 5", "entropy", 0.6, 0.475, 0.6, 0.5238095238095237], ["Fold 5", "log_loss", 0.6, 0.475, 0.6, 0.5238095238095237]], "DT_PREPAD_EMBEDDED": [["Fold 0", "gini", 0.5454545454545454, 0.4772727272727273, 0.5454545454545454, 0.4761904761904761], ["Fold 0", "entropy", 0.5454545454545454, 0.4772727272727273, 0.5454545454545454, 0.4761904761904761], ["Fold 0", "log_loss", 0.5454545454545454, 0.43636363636363634, 0.5454545454545454, 0.4469696969696969], ["Fold 1", "gini", 0.8181818181818182, 0.7272727272727273, 0.8181818181818182, 0.7575757575757575], ["Fold 1", "entropy", 0.8181818181818182, 0.7272727272727273, 0.8181818181818182, 0.7575757575757575], ["Fold 1", "log_loss", 0.8181818181818182, 0.7272727272727273, 0.8181818181818182, 0.7575757575757575], ["Fold 2", "gini", 0.7, 0.65, 0.7, 0.6666666666666666], ["Fold 2", "entropy", 0.7, 0.65, 0.7, 0.6666666666666666], ["Fold 2", "log_loss", 0.7, 0.65, 0.7, 0.6666666666666666], ["Fold 3", "gini", 1.0, 1.0, 1.0, 1.0], ["Fold 3", "entropy", 1.0, 1.0, 1.0, 1.0], ["Fold 3", "log_loss", 1.0, 1.0, 1.0, 1.0], ["Fold 4", "gini", 0.7, 0.9, 0.7, 0.7666666666666666], ["Fold 4", "entropy", 0.7, 0.9, 0.7, 0.7666666666666666], ["Fold 4", "log_loss", 0.7, 0.9, 0.7, 0.7666666666666666], ["Fold 5", "gini", 0.7, 0.8333333333333333, 0.7, 0.7266666666666666], ["Fold 5", "entropy", 0.7, 0.8333333333333333, 0.7, 0.7266666666666666], ["Fold 5", "log_loss", 0.7, 0.8333333333333333, 0.7, 0.7266666666666666]],