{"LSTM_PREPAD_ONEHOT": [[0.42857142857142855, 0.18367346938775508, 0.42857142857142855, 0.2571428571428571, 15.567875862121582], [0.42857142857142855, 0.18367346938775508, 0.42857142857142855, 0.2571428571428571, 6.32297945022583], [0.5714285714285714, 0.7142857142857143, 0.5714285714285714, 0.619047619047619, 9.536916971206665], [0.5714285714285714, 0.4761904761904762, 0.5714285714285714, 0.5, 7.9107584953308105], [0.42857142857142855, 0.2571428571428571, 0.42857142857142855, 0.32142857142857134, 8.043609619140625], [0.8571428571428571, 0.9285714285714286, 0.8571428571428571, 0.8571428571428571, 10.95316743850708]], "LSTM_PREPAD_EMBEDDED": [[0.42857142857142855, 0.18367346938775508, 0.42857142857142855, 0.2571428571428571, 7.216482877731323], [0.42857142857142855, 0.18367346938775508, 0.42857142857142855, 0.2571428571428571, 9.039927244186401], [0.7142857142857143, 0.7857142857142857, 0.7142857142857143, 0.7142857142857143, 7.268147230148315], [0.7142857142857143, 0.619047619047619, 0.7142857142857143, 0.6428571428571429, 7.413176536560059], [0.5714285714285714, 0.738095238095238, 0.5714285714285714, 0.5666666666666667, 7.906490325927734], [0.2857142857142857, 0.09999999999999999, 0.2857142857142857, 0.14285714285714285, 8.057412147521973]], "LSTM_PREPAD_FREQBASED": [[0.0, 0.0, 0.0, 0.0, 7.607454776763916], [0.42857142857142855, 0.5428571428571428, 0.42857142857142855, 0.3775510204081633, 11.489006042480469], [0.0, 0.0, 0.0, 0.0, 6.128103017807007], [0.42857142857142855, 0.18367346938775508, 0.42857142857142855, 0.2571428571428571, 5.714616775512695], [0.5714285714285714, 0.619047619047619, 0.5714285714285714, 0.5714285714285714, 9.845954895019531], [0.42857142857142855, 0.5238095238095238, 0.42857142857142855, 0.35714285714285715, 6.364836931228638]], "LSTM_CONT_ONEHOT": [[0.42857142857142855, 0.18367346938775508, 0.42857142857142855, 0.2571428571428571, 11.6678786277771], [0.42857142857142855, 0.18367346938775508, 0.42857142857142855, 0.2571428571428571, 7.0343708992004395], [0.5714285714285714, 0.7857142857142857, 0.5714285714285714, 0.6285714285714287, 7.705310106277466], [0.8571428571428571, 0.75, 0.8571428571428571, 0.7959183673469388, 6.340843439102173], [0.42857142857142855, 0.18367346938775508, 0.42857142857142855, 0.2571428571428571, 7.221703767776489], [0.7142857142857143, 0.761904761904762, 0.7142857142857143, 0.6904761904761905, 8.634984970092773]], "LSTM_CONT_EMBEDDED": [[0.42857142857142855, 0.18367346938775508, 0.42857142857142855, 0.2571428571428571, 6.456147909164429], [0.42857142857142855, 0.18367346938775508, 0.42857142857142855, 0.2571428571428571, 7.756882190704346], [0.0, 0.0, 0.0, 0.0, 6.1381494998931885], [0.0, 0.0, 0.0, 0.0, 7.146464586257935], [0.14285714285714285, 0.028571428571428574, 0.14285714285714285, 0.04761904761904762, 8.377302408218384], [0.5714285714285714, 0.5476190476190476, 0.5714285714285714, 0.5095238095238096, 9.964662551879883]], "LSTM_CONT_FREQBASED": [[0.2857142857142857, 0.1142857142857143, 0.2857142857142857, 0.163265306122449, 8.342987060546875], [0.5714285714285714, 0.7142857142857143, 0.5714285714285714, 0.6285714285714287, 8.87756085395813], [0.2857142857142857, 0.08163265306122448, 0.2857142857142857, 0.126984126984127, 6.744976758956909], [0.2857142857142857, 0.08163265306122448, 0.2857142857142857, 0.126984126984127, 6.178532123565674], [0.7142857142857143, 0.6071428571428571, 0.7142857142857143, 0.6530612244897959, 7.154138088226318], [0.42857142857142855, 0.4571428571428572, 0.42857142857142855, 0.39047619047619053, 7.841594219207764]], "CNN_PREPAD_ONEHOT": [[0.14285714285714285, 0.02040816326530612, 0.14285714285714285, 0.03571428571428571, 7.50093150138855], [0.0, 0.0, 0.0, 0.0, 5.735764026641846], [0.14285714285714285, 0.02040816326530612, 0.14285714285714285, 0.03571428571428571, 2.890029191970825], [0.0, 0.0, 0.0, 0.0, 3.6519153118133545], [0.14285714285714285, 0.02040816326530612, 0.14285714285714285, 0.03571428571428571, 7.251526355743408], [0.14285714285714285, 0.07142857142857142, 0.14285714285714285, 0.09523809523809523, 4.139647960662842]], "CNN_PREPAD_EMBEDDED": [[0.14285714285714285, 0.02040816326530612, 0.14285714285714285, 0.03571428571428571, 5.6862170696258545], [0.14285714285714285, 0.02040816326530612, 0.14285714285714285, 0.03571428571428571, 5.105482816696167], [0.14285714285714285, 0.02040816326530612, 0.14285714285714285, 0.03571428571428571, 2.359269618988037], [0.14285714285714285, 0.02040816326530612, 0.14285714285714285, 0.03571428571428571, 2.871690511703491], [0.14285714285714285, 0.02040816326530612, 0.14285714285714285, 0.03571428571428571, 6.028341770172119], [0.14285714285714285, 0.023809523809523808, 0.14285714285714285, 0.04081632653061224, 5.901293754577637]], "CNN_PREPAD_FREQBASED": [[0.14285714285714285, 0.02040816326530612, 0.14285714285714285, 0.03571428571428571, 4.742480039596558], [0.14285714285714285, 0.047619047619047616, 0.14285714285714285, 0.07142857142857142, 3.6100664138793945], [0.14285714285714285, 0.02040816326530612, 0.14285714285714285, 0.03571428571428571, 3.4665324687957764], [0.14285714285714285, 0.07142857142857142, 0.14285714285714285, 0.09523809523809523, 3.58475399017334], [0.14285714285714285, 0.028571428571428574, 0.14285714285714285, 0.04761904761904762, 3.501270055770874], [0.14285714285714285, 0.14285714285714285, 0.14285714285714285, 0.14285714285714285, 3.8563644886016846]], "CNN_CONT_ONEHOT": [[0.0, 0.0, 0.0, 0.0, 6.808581113815308], [0.14285714285714285, 0.02040816326530612, 0.14285714285714285, 0.03571428571428571, 6.1133668422698975], [0.14285714285714285, 0.02040816326530612, 0.14285714285714285, 0.03571428571428571, 3.251560926437378], [0.0, 0.0, 0.0, 0.0, 3.005944013595581], [0.2857142857142857, 0.08163265306122448, 0.2857142857142857, 0.126984126984127, 4.693962335586548], [0.14285714285714285, 0.02040816326530612, 0.14285714285714285, 0.03571428571428571, 3.1839611530303955]], "CNN_CONT_EMBEDDED": [[0.14285714285714285, 0.02040816326530612, 0.14285714285714285, 0.03571428571428571, 4.8296287059783936], [0.14285714285714285, 0.02040816326530612, 0.14285714285714285, 0.03571428571428571, 4.424443483352661], [0.14285714285714285, 0.02040816326530612, 0.14285714285714285, 0.03571428571428571, 6.150104999542236], [0.14285714285714285, 0.02040816326530612, 0.14285714285714285, 0.03571428571428571, 2.5671627521514893], [0.14285714285714285, 0.02040816326530612, 0.14285714285714285, 0.03571428571428571, 5.24072003364563], [0.14285714285714285, 0.02040816326530612, 0.14285714285714285, 0.03571428571428571, 3.4807703495025635]], "CNN_CONT_FREQBASED": [[0.0, 0.0, 0.0, 0.0, 3.05082368850708], [0.14285714285714285, 0.02040816326530612, 0.14285714285714285, 0.03571428571428571, 3.7413814067840576], [0.14285714285714285, 0.02040816326530612, 0.14285714285714285, 0.03571428571428571, 3.712733268737793], [0.42857142857142855, 0.39285714285714285, 0.42857142857142855, 0.34285714285714286, 3.5528056621551514], [0.0, 0.0, 0.0, 0.0, 3.6325900554656982], [0.14285714285714285, 0.028571428571428574, 0.14285714285714285, 0.04761904761904762, 3.1606857776641846]],