{"LSTM_PREPAD_ONEHOT": [[0.25, 0.0625, 0.25, 0.1, 7.545502424240112], [0.25, 0.0625, 0.25, 0.1, 5.46417498588562], [0.25, 0.0625, 0.25, 0.1, 6.049161434173584], [0.25, 0.0625, 0.25, 0.1, 7.647675275802612], [0.25, 0.0625, 0.25, 0.1, 7.200855493545532], [0.25, 0.0625, 0.25, 0.1, 7.608974933624268]], "LSTM_PREPAD_EMBEDDED": [[0.25, 0.0625, 0.25, 0.1, 8.301976919174194], [0.75, 0.5625, 0.75, 0.6428571428571428, 7.038245916366577], [0.25, 0.0625, 0.25, 0.1, 7.054709196090698], [0.75, 0.5625, 0.75, 0.6428571428571428, 6.185204267501831], [0.25, 0.0625, 0.25, 0.1, 9.081729412078857], [0.25, 0.0625, 0.25, 0.1, 8.665648221969604]], "LSTM_PREPAD_FREQBASED": [[0.25, 0.0625, 0.25, 0.1, 11.327797889709473], [0.25, 0.0625, 0.25, 0.1, 7.61729621887207], [0.25, 0.0625, 0.25, 0.1, 7.68826150894165], [0.25, 0.0625, 0.25, 0.1, 5.998149871826172], [0.25, 0.0625, 0.25, 0.1, 10.45383906364441], [0.25, 0.0625, 0.25, 0.1, 7.381952524185181]], "LSTM_CONT_ONEHOT": [[0.25, 0.0625, 0.25, 0.1, 6.473084211349487], [0.25, 0.0625, 0.25, 0.1, 6.273250579833984], [0.25, 0.0625, 0.25, 0.1, 8.262302875518799], [0.25, 0.0625, 0.25, 0.1, 7.500825881958008], [0.25, 0.0625, 0.25, 0.1, 9.259715795516968], [0.25, 0.0625, 0.25, 0.1, 11.45902132987976]], "LSTM_CONT_EMBEDDED": [[0.25, 0.0625, 0.25, 0.1, 6.487849950790405], [0.25, 0.0625, 0.25, 0.1, 7.6469151973724365], [0.25, 0.0625, 0.25, 0.1, 8.180638551712036], [0.5, 0.8333333333333334, 0.5, 0.5, 7.680235385894775], [0.5, 0.8333333333333334, 0.5, 0.5, 7.074080944061279], [0.25, 0.0625, 0.25, 0.1, 8.286052703857422]], "LSTM_CONT_FREQBASED": [[0.25, 0.0625, 0.25, 0.1, 7.290340185165405], [0.25, 0.0625, 0.25, 0.1, 8.410101652145386], [0.25, 0.0625, 0.25, 0.1, 7.718804836273193], [0.25, 0.0625, 0.25, 0.1, 7.1579084396362305], [0.25, 0.0625, 0.25, 0.1, 9.500670194625854], [0.25, 0.0625, 0.25, 0.1, 6.712604284286499]], "CNN_PREPAD_ONEHOT": [[0.25, 0.0625, 0.25, 0.1, 4.468214988708496], [0.25, 0.0625, 0.25, 0.1, 4.252011060714722], [0.25, 0.0625, 0.25, 0.1, 5.1974005699157715], [0.25, 0.0625, 0.25, 0.1, 4.356781721115112], [0.25, 0.0625, 0.25, 0.1, 3.230502128601074], [0.25, 0.0625, 0.25, 0.1, 5.4266345500946045]], "CNN_PREPAD_EMBEDDED": [[0.25, 0.0625, 0.25, 0.1, 5.279105186462402], [0.25, 0.0625, 0.25, 0.1, 6.058436632156372], [0.25, 0.0625, 0.25, 0.1, 5.462765455245972], [0.25, 0.0625, 0.25, 0.1, 3.920396327972412], [0.25, 0.0625, 0.25, 0.1, 3.4385621547698975], [0.25, 0.0625, 0.25, 0.1, 3.7219290733337402]], "CNN_PREPAD_FREQBASED": [[0.25, 0.0625, 0.25, 0.1, 4.4894325733184814], [0.25, 0.0625, 0.25, 0.1, 5.989586591720581], [0.25, 0.0625, 0.25, 0.1, 5.667566776275635], [0.75, 0.5625, 0.75, 0.6428571428571428, 4.0450544357299805], [0.25, 0.0625, 0.25, 0.1, 4.290173053741455], [0.25, 0.0625, 0.25, 0.1, 5.374782562255859]], "CNN_CONT_ONEHOT": [[0.25, 0.0625, 0.25, 0.1, 5.627405405044556], [0.25, 0.0625, 0.25, 0.1, 6.858457326889038], [0.25, 0.0625, 0.25, 0.1, 8.941223621368408], [0.25, 0.0625, 0.25, 0.1, 6.850230693817139], [0.25, 0.0625, 0.25, 0.1, 5.5071680545806885], [0.25, 0.0625, 0.25, 0.1, 4.221897125244141]], "CNN_CONT_EMBEDDED": [[0.75, 0.5625, 0.75, 0.6428571428571428, 4.614606618881226], [0.25, 0.0625, 0.25, 0.1, 7.255641222000122], [0.25, 0.0625, 0.25, 0.1, 6.008867263793945], [0.25, 0.0625, 0.25, 0.1, 4.840251922607422], [0.75, 0.5625, 0.75, 0.6428571428571428, 5.2583513259887695], [0.25, 0.0625, 0.25, 0.1, 6.600895404815674]], "CNN_CONT_FREQBASED": [[0.25, 0.0625, 0.25, 0.1, 5.5539491176605225], [0.25, 0.0625, 0.25, 0.1, 6.358932256698608], [0.25, 0.0625, 0.25, 0.1, 5.064733266830444], [0.25, 0.0625, 0.25, 0.1, 4.1753249168396], [0.25, 0.0625, 0.25, 0.1, 4.673880338668823], [0.25, 0.0625, 0.25, 0.1, 7.040196180343628]], "DT_PREPAD_ONEHOT": [["Fold 0", "gini", 1.0, 1.0, 1.0, 1.0, 0.0008778572082519531], ["Fold 0", "entropy", 1.0, 1.0, 1.0, 1.0, 0.0007719993591308594], ["Fold 0", "log_loss", 0.6666666666666666, 0.4444444444444444, 0.6666666666666666, 0.5333333333333333, 0.0008974075317382812], ["Fold 1", "gini", 0.3333333333333333, 0.6666666666666666, 0.3333333333333333, 0.4444444444444444, 0.0008020401000976562], ["Fold 1", "entropy", 0.3333333333333333, 0.6666666666666666, 0.3333333333333333, 0.4444444444444444, 0.0007746219635009766], ["Fold 1", "log_loss", 0.3333333333333333, 0.6666666666666666, 0.3333333333333333, 0.4444444444444444, 0.0008080005645751953], ["Fold 2", "gini", 0.6666666666666666, 0.4444444444444444, 0.6666666666666666, 0.5333333333333333, 0.0007624626159667969], ["Fold 2", "entropy", 0.6666666666666666, 0.4444444444444444, 0.6666666666666666, 0.5333333333333333, 0.0008189678192138672], ["Fold 2", "log_loss", 0.6666666666666666, 0.4444444444444444, 0.6666666666666666, 0.5333333333333333, 0.0007677078247070312], ["Fold 3", "gini", 0.5, 1.0, 0.5, 0.6666666666666666, 0.0010783672332763672], ["Fold 3", "entropy", 0.5, 1.0, 0.5, 0.6666666666666666, 0.0008935928344726562], ["Fold 3", "log_loss", 0.5, 1.0, 0.5, 0.6666666666666666, 0.0009367465972900391], ["Fold 4", "gini", 0.0, 0.0, 0.0, 0.0, 0.0007936954498291016], ["Fold 4", "entropy", 0.0, 0.0, 0.0, 0.0, 0.0007674694061279297], ["Fold 4", "log_loss", 0.0, 0.0, 0.0, 0.0, 0.0007996559143066406], ["Fold 5", "gini", 0.0, 0.0, 0.0, 0.0, 0.0008118152618408203], ["Fold 5", "entropy", 0.0, 0.0, 0.0, 0.0, 0.0009350776672363281], ["Fold 5", "log_loss", 0.5, 0.5, 0.5, 0.5, 0.0008320808410644531]], "DT_PREPAD_EMBEDDED": [["Fold 0", "gini", 0.6666666666666666, 0.6666666666666666, 0.6666666666666666, 0.6666666666666666, 0.0008132457733154297], ["Fold 0", "entropy", 0.6666666666666666, 0.6666666666666666, 0.6666666666666666, 0.6666666666666666, 0.0007901191711425781], ["Fold 0", "log_loss", 0.6666666666666666, 0.6666666666666666, 0.6666666666666666, 0.6666666666666666, 0.0008294582366943359], ["Fold 1", "gini", 0.3333333333333333, 0.3333333333333333, 0.3333333333333333, 0.3333333333333333, 0.0011057853698730469], ["Fold 1", "entropy", 0.3333333333333333, 0.3333333333333333, 0.3333333333333333, 0.3333333333333333, 0.0009424686431884766], ["Fold 1", "log_loss", 0.3333333333333333, 0.3333333333333333, 0.3333333333333333, 0.3333333333333333, 0.0008525848388671875], ["Fold 2", "gini", 0.6666666666666666, 0.4444444444444444, 0.6666666666666666, 0.5333333333333333, 0.0009760856628417969], ["Fold 2", "entropy", 0.6666666666666666, 0.4444444444444444, 0.6666666666666666, 0.5333333333333333, 0.0008246898651123047], ["Fold 2", "log_loss", 0.6666666666666666, 0.4444444444444444, 0.6666666666666666, 0.5333333333333333, 0.0007936954498291016], ["Fold 3", "gini", 0.5, 1.0, 0.5, 0.6666666666666666, 0.0008022785186767578], ["Fold 3", "entropy", 0.5, 1.0, 0.5, 0.6666666666666666, 0.0007679462432861328], ["Fold 3", "log_loss", 0.5, 1.0, 0.5, 0.6666666666666666, 0.0008060932159423828], ["Fold 4", "gini", 0.5, 0.25, 0.5, 0.3333333333333333, 0.000759124755859375], ["Fold 4", "entropy", 1.0, 1.0, 1.0, 1.0, 0.0007913112640380859], ["Fold 4", "log_loss", 0.5, 0.25, 0.5, 0.3333333333333333, 0.0007700920104980469], ["Fold 5", "gini", 0.0, 0.0, 0.0, 0.0, 0.0008182525634765625], ["Fold 5", "entropy", 0.0, 0.0, 0.0, 0.0, 0.0007853507995605469], ["Fold 5", "log_loss", 0.0, 0.0, 0.0, 0.0, 0.0011060237884521484]],