{
  "LSTM_PREPAD_ONEHOT": [[0.7473361553057948, 0.7526804035555977, 0.7473361553057948, 0.7386219233671294, 1860.093637228012], [0.7552182163187856, 0.7723013300412473, 0.7552182163187856, 0.7439264531756116, 1943.6752450466156], [0.752882790833455, 0.7779270873403894, 0.752882790833455, 0.7441757783423246, 2008.777194738388], [0.7467522989344622, 0.7670928376008699, 0.7467522989344622, 0.7391330335305724, 2014.0614178180695], [0.748357903955627, 0.7879246576314713, 0.748357903955627, 0.7430749362631477, 827.7328684329987]],
  "LSTM_PREPAD_EMBEDDED": [[0.750255437162458, 0.7569581619535285, 0.750255437162458, 0.7328750449618888, 1525.9495496749878], [0.7460224784702963, 0.7599050613662935, 0.7460224784702963, 0.7363077862474072, 1352.8886511325836], [0.743978981170632, 0.7681069485117709, 0.743978981170632, 0.7331805630532753, 1357.2914588451385], [0.7458765143774632, 0.7638319705469266, 0.7458765143774632, 0.7319002319214074, 1147.4014418125153], [0.7473361553057948, 0.7664985620091143, 0.7473361553057948, 0.7320602639763735, 1392.8781290054321]],
  "LSTM_PREPAD_FREQBASED": [[0.6099839439497884, 0.6127501569598609, 0.6099839439497884, 0.5890680010873879, 2609.261344432831], [0.6542110640782367, 0.6708641087580121, 0.6542110640782367, 0.6293230354829445, 3791.9198536872864], [0.6326083783389286, 0.626172898890046, 0.6326083783389286, 0.6167368898951735, 3962.790380716324], [0.6142169026419501, 0.6162466144403711, 0.6142169026419501, 0.5899307656083612, 2558.225060224533], [0.6308568092249307, 0.6288971561752406, 0.6308568092249307, 0.6050846621602993, 3644.456545114517]],
  "LSTM_CONT_ONEHOT": [[0.7229601518026565, 0.7644720210163806, 0.7229601518026565, 0.717194094433563, 313.60430121421814], [0.7250036491023208, 0.7639020361008034, 0.7250036491023208, 0.7153212362389166, 314.45771765708923], [0.7264632900306525, 0.7392016444423423, 0.7264632900306525, 0.7150560130260789, 370.97236824035645], [0.7238359363596555, 0.767946782262018, 0.7238359363596555, 0.7120351846438016, 334.5992679595947], [0.7263173259378193, 0.7633245161185772, 0.7263173259378193, 0.7151393319158867, 291.49638509750366]],
  "LSTM_CONT_EMBEDDED": [[0.7244197927309882, 0.7728796993184288, 0.7244197927309882, 0.712922725975651, 277.42147302627563], [0.7287987155159831, 0.7498496476558827, 0.7287987155159831, 0.716849903261131, 352.0621807575226], [0.7241278645453219, 0.7396861319040119, 0.7241278645453219, 0.7121649827055139, 261.32115173339844], [0.717997372646329, 0.7278648488399494, 0.717997372646329, 0.7042981440443826, 275.80604553222656], [0.7217924390599912, 0.7558091734833752, 0.7217924390599912, 0.7131429004916894, 373.5497145652771]],
  "LSTM_CONT_FREQBASED": [[0.6072106261859582, 0.6020316004083879, 0.6072106261859582, 0.586729436205019, 1771.0537650585175], [0.6108597285067874, 0.6135239389917747, 0.6108597285067874, 0.5956768536000693, 1416.2411630153656], [0.5880893300248139, 0.5843149303045776, 0.5880893300248139, 0.568493161431855, 739.1779978275299]],
  "CNN_PREPAD_ONEHOT": [[0.746606334841629, 0.7631768215980924, 0.746606334841629, 0.7388524670458069, 926.991124868393], [0.746606334841629, 0.7726447261032091, 0.746606334841629, 0.739985231089542, 844.6915013790131], [0.7442709093562984, 0.7880042770794132, 0.7442709093562984, 0.7371047158614755, 836.3370180130005]],
  "CNN_PREPAD_EMBEDDED": [[0.7356590278791417, 0.7507229502674226, 0.7356590278791417, 0.7238390739915409, 1232.173094034195], [0.7393081301999708, 0.765192687567052, 0.7393081301999708, 0.730213763099314, 939.2748260498047], [0.7410596993139688, 0.7439612685691437, 0.7410596993139688, 0.7327632422235512, 1017.1950526237488]],
  "CNN_PREPAD_FREQBASED": [[0.7085097066121734, 0.7418500816347307, 0.7085097066121734, 0.7017030400565479, 1198.1899802684784], [0.7158079112538316, 0.736415875848612, 0.7158079112538316, 0.710363793195029, 1464.3094773292542], [0.7213545467814918, 0.7280862129956815, 0.7213545467814918, 0.7066316433665928, 1612.28994679451]],
  "CNN_CONT_ONEHOT": [[0.7304043205371479, 0.7744352852095434, 0.7304043205371479, 0.7240242563411263, 578.8457140922546], [0.7247117209166545, 0.7654637633838814, 0.7247117209166545, 0.7144055567248639, 571.8428299427032], [0.7269011823091519, 0.7680338245276069, 0.7269011823091519, 0.7133125185959351, 628.4340007305145]],
  "CNN_CONT_EMBEDDED": [[0.7231061158954897, 0.7502458965543523, 0.7231061158954897, 0.7108297589661655, 834.931144952774], [0.7190191212961612, 0.7334391422963364, 0.7190191212961612, 0.7019774453370555, 515.3151800632477], [0.7236899722668224, 0.7706712614775172, 0.7236899722668224, 0.71518108368135, 768.6952147483826]],
  "CNN_CONT_FREQBASED": [[0.6334841628959276, 0.6712672788056046, 0.6334841628959276, 0.6224310763556695, 1737.8624367713928], [0.6308568092249307, 0.6564911403754471, 0.6308568092249307, 0.6187453527779586, 1598.2115621566772], [0.6277915632754343, 0.6537052431925332, 0.6277915632754343, 0.6175895948448404, 1061.2837715148926]],
  "DT_PREPAD_ONEHOT": [["Fold 0", "gini", 0.6892927523538428, 0.8346518107513266, 0.6892927523538428, 0.7232201418421622, 3.8088631629943848], ["Fold 0", "entropy", 0.6892927523538428, 0.8326026932426434, 0.6892927523538428, 0.7227917377973757, 3.715013265609741], ["Fold 0", "log_loss", 0.6897306765929494, 0.8311059997731772, 0.6897306765929494, 0.7235719088734115, 3.7167680263519287], ["Fold 1", "gini", 0.6792204948543902, 0.8159286018107618, 0.6792204948543902, 0.7126259603021811, 3.996626138687134], ["Fold 1", "entropy", 0.6803153054521568, 0.8134082745102226, 0.6803153054521568, 0.7127378447916844, 3.677399158477783], ["Fold 1", "log_loss", 0.6798773812130502, 0.8138515538956202, 0.6798773812130502, 0.7131139582113607, 3.8774802684783936], ["Fold 2", "gini", 0.6930151083862491, 0.8300014404719521, 0.6930151083862491, 0.7284216903981824, 4.621447324752808], ["Fold 2", "entropy", 0.6921392599080359, 0.8269275477163519, 0.6921392599080359, 0.7278246066621429, 4.4361841678619385], ["Fold 2", "log_loss", 0.6927961462666958, 0.8270857384369026, 0.6927961462666958, 0.7277114179878026, 5.078735828399658], ["Fold 3", "gini", 0.6840376614845631, 0.8265908507008956, 0.6840376614845631, 0.7184256444460182, 4.277865171432495], ["Fold 3", "entropy", 0.6862272826800964, 0.8347883573500126, 0.6862272826800964, 0.7199475045213153, 3.7966818809509277], ["Fold 3", "log_loss", 0.6864462447996497, 0.8303932885529661, 0.6864462447996497, 0.7202647842048258, 3.9467968940734863], ["Fold 4", "gini", 0.6779067221370703, 0.8125720989051305, 0.6779067221370703, 0.7112661846407232, 4.4594762325286865], ["Fold 4", "entropy", 0.6779067221370703, 0.8169507222982306, 0.6779067221370703, 0.711089016745671, 3.735314130783081], ["Fold 4", "log_loss", 0.6781256842566236, 0.8164325704871396, 0.6781256842566236, 0.7108379687744781, 3.802588701248169], ["Fold 5", "gini", 0.6949857674622291, 0.8331264737379095, 0.6949857674622291, 0.7288249919401999, 4.257402420043945], ["Fold 5", "entropy", 0.6919202977884826, 0.8223579827505992, 0.6919202977884826, 0.7253438454265296, 3.796029806137085], ["Fold 5", "log_loss", 0.6930151083862491, 0.8262164253777151, 0.6930151083862491, 0.7264798868928538, 3.7887349128723145]],