{"LSTM_PREPAD_ONEHOT": [[0.7740405347132384, 0.7945790827884749, 0.7740405347132384, 0.7397264642296345, 541.3374509811401], [0.7736093143596378, 0.7562513024294699, 0.7736093143596378, 0.729821554344986, 215.17166090011597], [0.7753341957740405, 0.7204613796765174, 0.7753341957740405, 0.731161832609881, 355.69551038742065], [0.7692971108236308, 0.7505562734080761, 0.7692971108236308, 0.7278767699917325, 248.64491724967957], [0.7766278568348426, 0.7757142396274969, 0.7766278568348426, 0.7368924884913163, 427.6973223686218]], "LSTM_PREPAD_EMBEDDED": [[0.7550668391548081, 0.7121827431761936, 0.7550668391548081, 0.7123794418355691, 578.0937035083771], [0.7507546356188012, 0.6994268157267853, 0.7507546356188012, 0.7018333681335805, 534.3592550754547], [0.7520482966796033, 0.721733005356511, 0.7520482966796033, 0.7066775324188265, 618.8454930782318], [0.7559292798620095, 0.7009911881911057, 0.7559292798620095, 0.7124399420507299, 577.1742208003998], [0.7378180250107805, 0.6955293669067731, 0.7378180250107805, 0.6859956297670653, 600.2291944026947]], "LSTM_PREPAD_FREQBASED": [[0.716257007330746, 0.6518994480042057, 0.716257007330746, 0.6637838595120654, 1024.7708451747894], [0.7222940922811557, 0.6591554721940062, 0.7222940922811557, 0.6692151561702057, 871.6740946769714], [0.7253126347563605, 0.6712253303322034, 0.7253126347563605, 0.6754181641519069, 1180.7727284431458], [0.6774471755066839, 0.5889721971219815, 0.6774471755066839, 0.6141470050230444, 513.3270361423492], [0.7507546356188012, 0.6992688261133133, 0.7507546356188012, 0.7078954361041704, 1246.0652160644531]], "LSTM_CONT_ONEHOT": [[0.7701595515308323, 0.7615233008319677, 0.7701595515308323, 0.7298500662943362, 120.36833643913269], [0.7692971108236308, 0.7602698150523445, 0.7692971108236308, 0.7283230835127364, 94.22975611686707], [0.7692971108236308, 0.7428462960576201, 0.7692971108236308, 0.7236671938812074, 71.617600440979], [0.7641224665804226, 0.7597432194920729, 0.7641224665804226, 0.7262799034893483, 66.41113805770874], [0.7744717550668392, 0.7668561712814675, 0.7744717550668392, 0.7310031343655286, 66.84743738174438]], "LSTM_CONT_EMBEDDED": [[0.7520482966796033, 0.7127649136651868, 0.7520482966796033, 0.7024827973974883, 151.57893872261047], [0.7360931435963778, 0.6809187210396073, 0.7360931435963778, 0.6883572160520723, 111.82739210128784], [0.7352307028891764, 0.6709157619855729, 0.7352307028891764, 0.6834179238486745, 84.44895911216736], [0.753773178094006, 0.7293314052952167, 0.753773178094006, 0.7083920259874213, 145.3168249130249], [0.7395429064251833, 0.7035419138232805, 0.7395429064251833, 0.6898839118494808, 103.28394770622253]], "LSTM_CONT_FREQBASED": [[0.6360500215610176, 0.5735565997915156, 0.6360500215610176, 0.5682919249754877, 459.38280987739563], [0.6459680896938336, 0.5987667701809577, 0.6459680896938336, 0.5882219365398896, 410.6350009441376], [0.7222940922811557, 0.6737446561320399, 0.7222940922811557, 0.6712166264805833, 626.2757158279419], [0.7132384648555412, 0.6699971664182308, 0.7132384648555412, 0.6668109682255394, 590.0262594223022], [0.6972833117723156, 0.6215804209898251, 0.6972833117723156, 0.6401752884463268, 639.2034747600555]], "CNN_PREPAD_ONEHOT": [[0.7744717550668392, 0.7368370305292548, 0.7744717550668392, 0.7341601934200254, 319.35076379776], [0.7740405347132384, 0.7637395038725878, 0.7740405347132384, 0.7457450552908689, 314.26229643821716], [0.7792151789564468, 0.7913580881601283, 0.7792151789564468, 0.7451024228045752, 470.027804851532], [0.7770590771884432, 0.806683756520187, 0.7770590771884432, 0.7473539185469953, 507.0152790546417], [0.7779215178956447, 0.7955568166081793, 0.7779215178956447, 0.7519786270647766, 438.35788655281067]], "CNN_PREPAD_EMBEDDED": [[0.7520482966796033, 0.7247422338917483, 0.7520482966796033, 0.7128554300766141, 626.9922139644623], [0.7485985338507978, 0.7276313318943642, 0.7485985338507978, 0.7165734614750351, 537.668206691742], [0.7485985338507978, 0.7153245626257483, 0.7485985338507978, 0.7053200027206534, 391.34178352355957], [0.7559292798620095, 0.7478155898098847, 0.7559292798620095, 0.7188409528508974, 499.1674656867981], [0.7533419577404054, 0.7176545403776793, 0.7533419577404054, 0.7144842556754923, 540.1780595779419]], "CNN_PREPAD_FREQBASED": [[0.7779215178956447, 0.7838589944299127, 0.7779215178956447, 0.7405836279094268, 488.45788383483887], [0.7779215178956447, 0.8000732331166728, 0.7779215178956447, 0.742539526814188, 537.7161433696747], [0.7766278568348426, 0.8058963935126424, 0.7766278568348426, 0.7431655555682849, 345.9860863685608], [0.7783527382492453, 0.7820280882552767, 0.7783527382492453, 0.7517720326114401, 650.37193775177], [0.7744717550668392, 0.785459150062927, 0.7744717550668392, 0.738338355987794, 442.8900134563446]], "CNN_CONT_ONEHOT": [[0.7770590771884432, 0.7405895463470176, 0.7770590771884432, 0.7303533169260013, 235.1159782409668], [0.771884432945235, 0.752973093386641, 0.771884432945235, 0.7308058721245977, 302.92292857170105], [0.7658473479948253, 0.754398900752625, 0.7658473479948253, 0.7201634028301522, 265.83465671539307], [0.7692971108236308, 0.7286801865658216, 0.7692971108236308, 0.7260099604981756, 232.84224796295166], [0.7744717550668392, 0.7368525571192963, 0.7744717550668392, 0.7273425548141469, 240.20240259170532]], "CNN_CONT_EMBEDDED": [[0.7278999568779646, 0.6665527337739844, 0.7278999568779646, 0.6775050164692338, 198.30113554000854], [0.46226821905993964, 0.36139956428560255, 0.46226821905993964, 0.37824614268150697, 235.42067575454712], [0.445019404915912, 0.39576441711759475, 0.445019404915912, 0.3901553864611059, 75.52582287788391], [0.5946528676153514, 0.5641253637175258, 0.5946528676153514, 0.5425275530729405, 269.06821870803833], [0.41095299698145754, 0.3131037964380175, 0.41095299698145754, 0.3233768074610536, 91.42721366882324]], "CNN_CONT_FREQBASED": [[0.7727468736524364, 0.7353324838254007, 0.7727468736524364, 0.7268641670801705, 393.03975892066956], [0.7705907718844329, 0.7573464152738809, 0.7705907718844329, 0.7266621932092081, 543.7335987091064], [0.7740405347132384, 0.753515914542851, 0.7740405347132384, 0.7293648077059884, 540.0855786800385], [0.7684346701164295, 0.737985769633733, 0.7684346701164295, 0.72437607999757, 418.5948188304901], [0.7684346701164295, 0.7887488779998155, 0.7684346701164295, 0.7271326407843697, 534.676566362381]],