{"LSTM_PREPAD_ONEHOT": [[0.7940425531914893, 0.7454349449000022, 0.7940425531914893, 0.7518748349433964],
  [0.8025531914893617, 0.7533694633236598, 0.8025531914893617, 0.7628615783597597],
  [0.7897872340425532, 0.7398523568926478, 0.7897872340425532, 0.7471798456385661],
  [0.7991489361702128, 0.7557344143471519, 0.7991489361702128, 0.7628599722315648],
  [0.7931914893617021, 0.7397404848900935, 0.7931914893617021, 0.7470549479883883],
  [0.796595744680851, 0.7449431980688705, 0.796595744680851, 0.7537289466332808]],
  "LSTM_PREPAD_EMBEDDED": [[0.791063829787234, 0.7519574286555989, 0.791063829787234, 0.7562574179209443], [0.7757446808510639, 0.71531020544657, 0.7757446808510639, 0.7297505279456455], [0.7897872340425532, 0.7393782140859256, 0.7897872340425532, 0.7489265094140002], [0.7812765957446809, 0.7339459452170096, 0.7812765957446809, 0.7432472704258252], [0.7821276595744681, 0.7276390990213626, 0.7821276595744681, 0.7405029036598402], [0.7693617021276595, 0.7236597763722541, 0.7693617021276595, 0.7290690046241057]], "LSTM_PREPAD_FREQBASED": [[0.7025531914893617, 0.6383987766187225, 0.7025531914893617, 0.6444582125370818], [0.7306382978723405, 0.6791403913548828, 0.7306382978723405, 0.6792757833332659], [0.6212765957446809, 0.5363223788875064, 0.6212765957446809, 0.5505577243364105], [0.6042553191489362, 0.5766407364485494, 0.6042553191489362, 0.5616558463959028], [0.5804255319148937, 0.50238436282229, 0.5804255319148937, 0.4960612266367507], [0.6374468085106383, 0.6085444278866488, 0.6374468085106383, 0.5998983431122963]], "LSTM_CONT_ONEHOT": [[0.7863829787234042, 0.7375179260856446, 0.7863829787234042, 0.7439490286498516], [0.7970212765957447, 0.7439824810443886, 0.7970212765957447, 0.753010945091048], [0.7880851063829787, 0.7340940778847594, 0.7880851063829787, 0.7429076266854161], [0.7923404255319149, 0.7424141885181151, 0.7923404255319149, 0.7493881252596378], [0.7957446808510639, 0.7412973384223689, 0.7957446808510639, 0.7517722821972024], [0.794468085106383, 0.7386857492290237, 0.794468085106383, 0.7499484268778616]], "LSTM_CONT_EMBEDDED": [[0.78, 0.7194561174780665, 0.78, 0.7298575881163759], [0.7829787234042553, 0.7243000233006958, 0.7829787234042553, 0.735455056769488], [0.7825531914893618, 0.716224135990766, 0.7825531914893618, 0.7324088821455723], [0.7897872340425532, 0.7465096058129255, 0.7897872340425532, 0.7531698829100063], [0.7663829787234042, 0.7049804290302254, 0.7663829787234042, 0.7170650540442988], [0.768936170212766, 0.7066456722845765, 0.768936170212766, 0.7215425241768207]], "LSTM_CONT_FREQBASED": [[0.7451063829787234, 0.6770901667621576, 0.7451063829787234, 0.6900446497245019], [0.7187234042553191, 0.6336770717965586, 0.7187234042553191, 0.6534191131267136], [0.7229787234042553, 0.6607426145978454, 0.7229787234042553, 0.6681651557359717], [0.7519148936170212, 0.6831615807547018, 0.7519148936170212, 0.6968275886957359], [0.7561702127659574, 0.6903199409150471, 0.7561702127659574, 0.7045191664265205], [0.7595744680851064, 0.6943296085064126, 0.7595744680851064, 0.7093406769818827]], "CNN_PREPAD_ONEHOT": [[0.7863829787234042, 0.7423662424027645, 0.7863829787234042, 0.7410702334559293], [0.7842553191489362, 0.7634025235558468, 0.7842553191489362, 0.7561976092526773], [0.8034042553191489, 0.7649939080644738, 0.8034042553191489, 0.7675937584373655], [0.7982978723404255, 0.752781251061329, 0.7982978723404255, 0.7592948180810153], [0.7936170212765957, 0.7714601804729893, 0.7936170212765957, 0.7666108332801701], [0.7995744680851063, 0.7540769266661844, 0.7995744680851063, 0.7608124087450051]], "CNN_PREPAD_EMBEDDED": [[0.7710638297872341, 0.7133407294193888, 0.7710638297872341, 0.7262929179043076], [0.7651063829787234, 0.7337869307554841, 0.7651063829787234, 0.732782970737202], [0.4919148936170213, 0.4452989130385793, 0.4919148936170213, 0.419460929355404], [0.7642553191489362, 0.7141298131360485, 0.7642553191489362, 0.7216899099430033], [0.7902127659574468, 0.7535140676339361, 0.7902127659574468, 0.76083963988459], [0.7719148936170213, 0.7183484293903648, 0.7719148936170213, 0.7220544789209224]], "CNN_PREPAD_FREQBASED": [[0.3731914893617021, 0.30563542946952005, 0.3731914893617021, 0.29249673229559664], [0.7957446808510639, 0.7583898231766657, 0.7957446808510639, 0.7618376063955177], [0.8025531914893617, 0.771115562841069, 0.8025531914893617, 0.7725209288325124], [0.7876595744680851, 0.7464384286416568, 0.7876595744680851, 0.7497540908226088], [0.7978723404255319, 0.7788437082087669, 0.7978723404255319, 0.768409973631789], [0.7948936170212766, 0.7714617689453268, 0.7948936170212766, 0.768906432724409]], "CNN_CONT_ONEHOT": [[0.8008510638297872, 0.7487128339844701, 0.8008510638297872, 0.7584173167564053], [0.7914893617021277, 0.7409484171050402, 0.7914893617021277, 0.7473401003307748], [0.7859574468085107, 0.7349543593135425, 0.7859574468085107, 0.7431746011106132], [0.7851063829787234, 0.7283667471316645, 0.7851063829787234, 0.738984087714087], [0.796595744680851, 0.7366108532468503, 0.796595744680851, 0.7520819276258932], [0.7940425531914893, 0.7375444977807326, 0.7940425531914893, 0.7477907171671546]], "CNN_CONT_EMBEDDED": [[0.26468085106382977, 0.21080044993550018, 0.26468085106382977, 0.21115589610437344], [0.2225531914893617, 0.1925300148655659, 0.2225531914893617, 0.1755728928266632], [0.3519148936170213, 0.2836721748750839, 0.3519148936170213, 0.2738294726886746], [0.705531914893617, 0.6290153657536852, 0.705531914893617, 0.6436437638735734], [0.603404255319149, 0.5437783039064716, 0.603404255319149, 0.5499309850738289], [0.38851063829787236, 0.3240792105466047, 0.38851063829787236, 0.32305757530440565]], "CNN_CONT_FREQBASED": [[0.7876595744680851, 0.7336786379724662, 0.7876595744680851, 0.7427738073605238], [0.8008510638297872, 0.7472680778107152, 0.8008510638297872, 0.7568388807005834], [0.7885106382978724, 0.7386843424865112, 0.7885106382978724, 0.7463468510534479], [0.7957446808510639, 0.7388100535472336, 0.7957446808510639, 0.7500235632267117], [0.7931914893617021, 0.7489026664812869, 0.7931914893617021, 0.7542137137462748], [0.794468085106383, 0.7415050396698721, 0.794468085106383, 0.7514081014646308]],