{
  "LSTM_PREPAD_ONEHOT": [[0.7761065749892565, 0.7034574569410943, 0.7761065749892565, 0.7216072154587666, 320.1023259162903],
  [0.7580575848732274, 0.7441952471387351, 0.7580575848732274, 0.722772557065019, 427.18066477775574],
  [0.7829823807477438, 0.7654427486617883, 0.7829823807477438, 0.7537190061863208, 456.8956778049469],
  [0.7516115169746455, 0.7400308716204071, 0.7516115169746455, 0.7175379598218282, 219.31159853935242],
  [0.6673828964331757, 0.6511783370761772, 0.6673828964331757, 0.6200453721133387, 249.63661766052246]],
  "LSTM_PREPAD_EMBEDDED": [[0.7610657498925655, 0.7255297203968385, 0.7610657498925655, 0.7263104628085771, 571.0324487686157], [0.7550494198538892, 0.69395697880055, 0.7550494198538892, 0.7038420823473311, 676.0021195411682], [0.7563386334336055, 0.7044779024801701, 0.7563386334336055, 0.7144536729081519, 356.2964677810669], [0.7580575848732274, 0.7260408890156512, 0.7580575848732274, 0.7205280087217378, 467.3698306083679], [0.7653631284916201, 0.7444313453574958, 0.7653631284916201, 0.7420673421146959, 501.8193726539612]],
  "LSTM_PREPAD_FREQBASED": [[0.6489041684572411, 0.6266473479505654, 0.6489041684572411, 0.6026642031193227, 598.1201021671295], [0.7168027503223035, 0.6977247109298327, 0.7168027503223035, 0.6817707419214168, 785.2053813934326], [0.6914482165878814, 0.6750995276045219, 0.6914482165878814, 0.6403932827794996, 814.8041682243347], [0.6892995272883541, 0.6270135156924926, 0.6892995272883541, 0.6229897472830567, 816.4718809127808], [0.715513536742587, 0.6885531252874583, 0.715513536742587, 0.6744131639018324, 1128.9390034675598]],
  "LSTM_CONT_ONEHOT": [[0.7679415556510528, 0.7200820388832431, 0.7679415556510528, 0.7241355934143804, 71.94098997116089], [0.7795444778685002, 0.7461473060344535, 0.7795444778685002, 0.7467448854710395, 71.78749680519104], [0.7743876235496348, 0.7640467279758865, 0.7743876235496348, 0.741587712013567, 93.35021138191223], [0.7713794585302965, 0.7573744771427592, 0.7713794585302965, 0.737388086251255, 89.91507983207703], [0.7761065749892565, 0.7287080189836553, 0.7761065749892565, 0.7364260736059752, 81.9067690372467]],
  "LSTM_CONT_EMBEDDED": [[0.7318435754189944, 0.690008586490037, 0.7318435754189944, 0.6804291815333745, 117.62346482276917], [0.7507520412548345, 0.6743312004516, 0.7507520412548345, 0.6979248452217224, 95.94858956336975], [0.7619252256123764, 0.748170648007829, 0.7619252256123764, 0.7277023297429518, 92.5692663192749], [0.7331327889987108, 0.7567446904980308, 0.7331327889987108, 0.703128989532384, 86.36282324790955], [0.7584873227331328, 0.7013359241929797, 0.7584873227331328, 0.7109802479145884, 147.36051177978516]],
  "LSTM_CONT_FREQBASED": [[0.7352814782982381, 0.7363503227203345, 0.7352814782982381, 0.7028190752341932, 457.76517939567566], [0.6312849162011173, 0.5807965761406141, 0.6312849162011173, 0.5800246052256657, 363.1519281864166], [0.7559088955737, 0.7145636034713894, 0.7559088955737, 0.7145756304043218, 705.0941574573517], [0.715513536742587, 0.7207360915179206, 0.715513536742587, 0.6698555656057851, 453.39820885658264], [0.7099269445638161, 0.6569634258839274, 0.7099269445638161, 0.6646915167848368, 677.9112780094147]],
  "CNN_PREPAD_ONEHOT": [[0.7864202836269876, 0.7813844462602997, 0.7864202836269876, 0.7606587553548034, 299.52398681640625], [0.7786850021486893, 0.751068182486906, 0.7786850021486893, 0.7482699637382525, 379.8569424152374], [0.7799742157284056, 0.7407320293378642, 0.7799742157284056, 0.7406321438071706, 377.7030644416809], [0.7799742157284056, 0.7691187683877133, 0.7799742157284056, 0.7517526387864957, 461.7719202041626], [0.7842715943274603, 0.7637434052113601, 0.7842715943274603, 0.7492718605928554, 584.8789916038513]],
  "CNN_PREPAD_EMBEDDED": [[0.7640739149119037, 0.7532187588245187, 0.7640739149119037, 0.7372638936280652, 672.4454469680786], [0.7627847013321873, 0.7298097690833745, 0.7627847013321873, 0.7238735286280816, 500.379430770874], [0.7554791577137946, 0.7294495126612136, 0.7554791577137946, 0.7215293299165728, 625.5014913082123], [0.7726686721100129, 0.7743885601641357, 0.7726686721100129, 0.7433379922502709, 759.5654337406158], [0.7610657498925655, 0.7253434556258084, 0.7610657498925655, 0.7212971904762573, 580.5883612632751]],
  "CNN_PREPAD_FREQBASED": [[0.7786850021486893, 0.7603126427468713, 0.7786850021486893, 0.7510485014001449, 398.53277945518494], [0.7761065749892565, 0.7761155410986206, 0.7761065749892565, 0.7471285316439971, 647.0119931697845], [0.7713794585302965, 0.7754854314183014, 0.7713794585302965, 0.7450706428055568, 497.3499073982239], [0.7834121186076494, 0.7905504149868595, 0.7834121186076494, 0.7583251562850807, 740.071398973465], [0.7795444778685002, 0.7909161521657447, 0.7795444778685002, 0.7395313756191348, 592.7427444458008]],
  "CNN_CONT_ONEHOT": [[0.7791147400085947, 0.7744143696491737, 0.7791147400085947, 0.7500956380220354, 196.9922776222229], [0.7653631284916201, 0.7272691923349582, 0.7653631284916201, 0.724811182406993, 315.35586738586426], [0.7799742157284056, 0.7652087137815655, 0.7799742157284056, 0.7540639555447987, 196.4666042327881], [0.7713794585302965, 0.7180819171826825, 0.7713794585302965, 0.7277328997556702, 231.75716829299927], [0.7795444778685002, 0.7311628008000908, 0.7795444778685002, 0.734430021966912, 197.82730388641357]],
  "CNN_CONT_EMBEDDED": [[0.7348517404383326, 0.6754911981577298, 0.7348517404383326, 0.6802841397590863, 118.94615507125854], [0.5913192952299098, 0.5571786353733693, 0.5913192952299098, 0.5436958535810079, 97.71634817123413], [0.6948861194671251, 0.6805297679473838, 0.6948861194671251, 0.6575686971375446, 197.4393491744995], [0.5393210141813494, 0.48641452221339093, 0.5393210141813494, 0.48131032287213815, 137.17110514640808], [0.5835840137516115, 0.5365228159831663, 0.5835840137516115, 0.5200879006982843, 99.56736397743225]],
  "CNN_CONT_FREQBASED": [[0.7786850021486893, 0.7300806087067386, 0.7786850021486893, 0.7394772883954344, 588.7564015388489], [0.7782552642887839, 0.7617344591669911, 0.7782552642887839, 0.7385577639157783, 739.3250851631165], [0.7679415556510528, 0.7469060009313992, 0.7679415556510528, 0.7235114981338372, 841.1577787399292], [0.7662226042114311, 0.7596528051043113, 0.7662226042114311, 0.7220443748175335, 440.95954155921936], [0.7761065749892565, 0.7315312541089949, 0.7761065749892565, 0.7300612608620619, 694.2598152160645]],