{"LSTM_PREPAD_ONEHOT": [[0.5853333333333334, 0.58120106343146, 0.5853333333333334, 0.5628001001851474, 194.18338632583618], [0.5646666666666667, 0.5605164733604062, 0.5646666666666667, 0.5443504223805272, 193.37740898132324], [0.5713333333333334, 0.5532774157751825, 0.5713333333333334, 0.5487103095902152, 233.8150873184204]], 
  "LSTM_PREPAD_EMBEDDED": [[0.5483333333333333, 0.5381761515400061, 0.5483333333333333, 0.5126474116075495, 230.3337082862854], [0.5316666666666666, 0.5232637933211073, 0.5316666666666666, 0.5009580161098449, 212.72424411773682], [0.509, 0.5263500966208886, 0.509, 0.4803252400600576, 272.38221764564514]], "LSTM_PREPAD_FREQBASED": [[0.574, 0.5178200955146168, 0.574, 0.523660861506475, 372.76356863975525], [0.5303333333333333, 0.5018707262487979, 0.5303333333333333, 0.48959342247269516, 337.74156975746155], [0.5653333333333334, 0.5370792446293045, 0.5653333333333334, 0.540639519651297, 270.85939264297485]], "LSTM_CONT_ONEHOT": [[0.5173333333333333, 0.49604470091626945, 0.5173333333333333, 0.49535082321261137, 151.5650291442871], [0.551, 0.5152140113859304, 0.551, 0.5190076917197055, 192.58542442321777], [0.5343333333333333, 0.5018748137252425, 0.5343333333333333, 0.4954591361281573, 54.734091997146606]], "LSTM_CONT_EMBEDDED": [[0.4103333333333333, 0.3871591232623859, 0.4103333333333333, 0.34790069095744086, 73.91152095794678], [0.5063333333333333, 0.4879956502480421, 0.5063333333333333, 0.4683349342011336, 68.72447323799133], [0.31666666666666665, 0.37929767636448863, 0.31666666666666665, 0.2635017888769555, 67.62990188598633]], "LSTM_CONT_FREQBASED": [[0.5243333333333333, 0.4841988884084909, 0.5243333333333333, 0.4913976634715989, 272.1783585548401], [0.5386666666666666, 0.4972272497677629, 0.5386666666666666, 0.49030358739312935, 340.5317165851593], [0.5356666666666666, 0.5075360127490188, 0.5356666666666666, 0.49911220368731307, 388.092187166214]], "CNN_PREPAD_ONEHOT": [[0.5576666666666666, 0.5587253125643453, 0.5576666666666666, 0.5387312384771319, 351.2375569343567], [0.5683333333333334, 0.5523298729260534, 0.5683333333333334, 0.5409562905820483, 386.36092019081116], [0.5653333333333334, 0.6006599153054711, 0.5653333333333334, 0.537387627909545, 322.49893283843994]], "CNN_PREPAD_EMBEDDED": [[0.5833333333333334, 0.5563362133357903, 0.5833333333333334, 0.5516092293032834, 575.2107701301575], [0.5643333333333334, 0.558924314249673, 0.5643333333333334, 0.532010689900462, 384.7464144229889], [0.5276666666666666, 0.5275461847132474, 0.5276666666666666, 0.4971795062183481, 450.28682351112366]], "CNN_PREPAD_FREQBASED": [[0.592, 0.559384787506822, 0.592, 0.5432679354966851, 578.7930402755737], [0.5813333333333334, 0.5454971150472129, 0.5813333333333334, 0.5454115869448647, 360.30262541770935], [0.563, 0.5328071560481656, 0.563, 0.5121941295714039, 431.526846408844]], "CNN_CONT_ONEHOT": [[0.5396666666666666, 0.5065770680674916, 0.5396666666666666, 0.49850793772146396, 368.9722316265106], [0.5473333333333333, 0.499860797435255, 0.5473333333333333, 0.5040734538200871, 242.4810540676117], [0.5603333333333333, 0.4901516457010963, 0.5603333333333333, 0.5014586268901388, 260.3984115123749]], "CNN_CONT_EMBEDDED": [[0.27366666666666667, 0.3999658953624585, 0.27366666666666667, 0.22279119138431105, 88.57218384742737], [0.4826666666666667, 0.4621169164745993, 0.4826666666666667, 0.44107412987234285, 261.6186740398407], [0.263, 0.41012442759552603, 0.263, 0.2528281024897445, 195.31311631202698]], "CNN_CONT_FREQBASED": [[0.5406666666666666, 0.4918200658779411, 0.5406666666666666, 0.49657111092442807, 573.0265409946442], [0.546, 0.5283150752487558, 0.546, 0.5059047546494806, 574.203375339508], [0.548, 0.512973355849488, 0.548, 0.5142906494640311, 502.41874623298645]], "DT_PREPAD_ONEHOT": [["Fold 0", "gini", 0.4705, 0.5823462240458467, 0.4705, 0.4954723624213834, 0.20984768867492676], ["Fold 0", "entropy", 0.461, 0.5549933383479065, 0.461, 0.48687363151633134, 0.22641372680664062], ["Fold 0", "log_loss", 0.466, 0.5615365765632857, 0.466, 0.49094715071114753, 0.2324686050415039], ["Fold 1", "gini", 0.4655, 0.5529378319295226, 0.4655, 0.4840110047060842, 0.2662477493286133], ["Fold 1", "entropy", 0.465, 0.5601763835168838, 0.465, 0.48351861134119994, 0.2244725227355957], ["Fold 1", "log_loss", 0.465, 0.5610834038080016, 0.465, 0.4837835337686038, 0.22537779808044434], ["Fold 2", "gini", 0.47, 0.5649888205929103, 0.47, 0.4928784655457379, 0.20940947532653809], ["Fold 2", "entropy", 0.464, 0.5596489454531439, 0.464, 0.48808873331732544, 0.2257082462310791], ["Fold 2", "log_loss", 0.465, 0.5638738019935982, 0.465, 0.49052815777930303, 0.22115111351013184], ["Fold 3", "gini", 0.4635, 0.5584538531813714, 0.4635, 0.48750429739453816, 0.2082526683807373], ["Fold 3", "entropy", 0.4705, 0.569732531027916, 0.4705, 0.49406042344270973, 0.22400641441345215], ["Fold 3", "log_loss", 0.472, 0.5597189232690978, 0.472, 0.49445255776967706, 0.2199394702911377], ["Fold 4", "gini", 0.4925, 0.587648772903463, 0.4925, 0.5152030060076265, 0.21021103858947754], ["Fold 4", "entropy", 0.491, 0.5892106318052011, 0.491, 0.5147754810924383, 0.23112201690673828], ["Fold 4", "log_loss", 0.4935, 0.5906416270058397, 0.4935, 0.5168172840367258, 0.22529983520507812], ["Fold 5", "gini", 0.4625, 0.561245755568401, 0.4625, 0.4854230048612482, 0.21289730072021484], ["Fold 5", "entropy", 0.4665, 0.564710567863493, 0.4665, 0.48934626875249954, 0.22276902198791504], ["Fold 5", "log_loss", 0.4675, 0.5673186586477283, 0.4675, 0.49144993079747357, 0.22264313697814941]], "DT_PREPAD_EMBEDDED": [["Fold 0", "gini", 0.473, 0.5705932715421342, 0.473, 0.49757035490648943, 1.0502386093139648], ["Fold 0", "entropy", 0.467, 0.56596619333951, 0.467, 0.4923971826530362, 1.1097049713134766], ["Fold 0", "log_loss", 0.471, 0.5693203671228746, 0.471, 0.4956899981183544, 1.1087453365325928], ["Fold 1", "gini", 0.454, 0.5318507005177114, 0.454, 0.4822014902758299, 1.0666248798370361], ["Fold 1", "entropy", 0.4645, 0.5449595341562531, 0.4645, 0.49316254751840666, 1.1701955795288086], ["Fold 1", "log_loss", 0.463, 0.5427750238991192, 0.463, 0.4917547419424617, 1.1120409965515137], ["Fold 2", "gini", 0.4645, 0.541381859365138, 0.4645, 0.4843320125950175, 1.1484835147857666], ["Fold 2", "entropy", 0.4615, 0.5421497837434559, 0.4615, 0.48199530263065793, 1.1511964797973633], ["Fold 2", "log_loss", 0.4645, 0.5432778038129897, 0.4645, 0.4849840603820326, 1.157534122467041], ["Fold 3", "gini", 0.4695, 0.5716866103782973, 0.4695, 0.49312299172447627, 1.0060625076293945], ["Fold 3", "entropy", 0.4755, 0.5729463807810491, 0.4755, 0.49947808082068457, 1.1330242156982422], ["Fold 3", "log_loss", 0.476, 0.5809149449854258, 0.476, 0.49993765597556494, 1.1325774192810059], ["Fold 4", "gini", 0.4845, 0.584579164215348, 0.4845, 0.5039755763545078, 1.1213116645812988], ["Fold 4", "entropy", 0.4835, 0.5745031967013291, 0.4835, 0.5017825041196017, 1.1428637504577637], ["Fold 4", "log_loss", 0.4835, 0.5789718064198656, 0.4835, 0.5015719002489833, 1.136549949645996], ["Fold 5", "gini", 0.4705, 0.5525782752283521, 0.4705, 0.4905877391216066, 1.0205566883087158], ["Fold 5", "entropy", 0.463, 0.5456265388247113, 0.463, 0.48366094546420935, 1.1158092021942139], ["Fold 5", "log_loss", 0.4605, 0.5421275686253835, 0.4605, 0.480612903110993, 1.1207003593444824]],