{
  "LSTM_PREPAD_ONEHOT": [[0.7835325365205843, 0.7811449264026584, 0.7835325365205843, 0.7496921447817101, 337.1473739147186], [0.7808764940239044, 0.7430326361384251, 0.7808764940239044, 0.7434057050987176, 128.24578189849854], [0.7901726427622842, 0.7590492645053366, 0.7901726427622842, 0.7576097497184168, 235.66218900680542]],
  "LSTM_PREPAD_EMBEDDED": [[0.7706949977866312, 0.7165524021387325, 0.7706949977866312, 0.7263853726459645, 439.32580304145813], [0.7587428065515714, 0.7339703499064594, 0.7587428065515714, 0.7206177485611016, 397.9817407131195], [0.7715803452855245, 0.7302023693337323, 0.7715803452855245, 0.7358146775689611, 665.9993190765381]],
  "LSTM_PREPAD_FREQBASED": [[0.7525453740593183, 0.704262581371333, 0.7525453740593183, 0.7061281081162984, 882.672905921936], [0.6644532979194334, 0.6236849429149334, 0.6644532979194334, 0.6223580000929615, 286.0301489830017], [0.6100044267374944, 0.5804363534567496, 0.6100044267374944, 0.5562547310778387, 406.9157991409302]],
  "LSTM_CONT_ONEHOT": [[0.7817618415227977, 0.7445556291823359, 0.7817618415227977, 0.7427241610775007, 70.19171476364136], [0.7799911465250111, 0.7477032176553436, 0.7799911465250111, 0.7433502233118975, 81.03850388526917], [0.7813191677733511, 0.7308818156396113, 0.7813191677733511, 0.7411934147032935, 80.2669289112091]],
  "LSTM_CONT_EMBEDDED": [[0.7649402390438247, 0.7293131282556412, 0.7649402390438247, 0.7227858498375785, 94.23723578453064], [0.7631695440460381, 0.7368910868818167, 0.7631695440460381, 0.7217036873405468, 131.19876503944397], [0.7640548915449313, 0.7092165385276286, 0.7640548915449313, 0.7202452433252305, 105.35017609596252]],
  "LSTM_CONT_FREQBASED": [[0.7264276228419655, 0.6768932151283256, 0.7264276228419655, 0.6821999369392119, 282.65194606781006], [0.7374944665781319, 0.6652376142079166, 0.7374944665781319, 0.682379199481641, 560.8063547611237], [0.7357237715803453, 0.6607315071751415, 0.7357237715803453, 0.6749362388353763, 557.85409116745]],
  "CNN_PREPAD_ONEHOT": [[0.795484727755644, 0.7638686700976202, 0.795484727755644, 0.7651104152830375, 172.6252419948578], [0.7848605577689243, 0.7514153449216563, 0.7848605577689243, 0.7501379017843713, 106.27223300933838], [0.7799911465250111, 0.7409518959275929, 0.7799911465250111, 0.7444725690752944, 157.17816805839539]],
  "CNN_PREPAD_EMBEDDED": [[0.7485613103142984, 0.7045172168296178, 0.7485613103142984, 0.7084834623109391, 172.8978669643402], [0.7804338202744577, 0.7566545199590128, 0.7804338202744577, 0.7532569775790376, 242.42267489433289], [0.7096060203629925, 0.651827897679092, 0.7096060203629925, 0.663739490163145, 157.05146479606628]],
  "CNN_PREPAD_FREQBASED": [[0.7919433377600709, 0.7626329911568641, 0.7919433377600709, 0.755667480316102, 178.12827372550964], [0.7804338202744577, 0.7816637564896298, 0.7804338202744577, 0.7478588723130676, 287.73797392845154], [0.783975210270031, 0.7789687345552546, 0.783975210270031, 0.7603237080143344, 352.5908479690552]],
  "CNN_CONT_ONEHOT": [[0.7773351040283312, 0.7633837517885932, 0.7773351040283312, 0.7455528214880793, 104.82122278213501], [0.7795484727755644, 0.7412911591770347, 0.7795484727755644, 0.7365159723711839, 53.50858187675476], [0.7848605577689243, 0.7354608749099497, 0.7848605577689243, 0.741283703827156, 82.05694389343262]],
  "CNN_CONT_EMBEDDED": [[0.4913678618857902, 0.4317768779654658, 0.4913678618857902, 0.4246584494043647, 81.7500228881836], [0.5914121292607348, 0.5052424904871051, 0.5914121292607348, 0.5140130133764051, 70.63019800186157], [0.4878264718902169, 0.3782108105759089, 0.4878264718902169, 0.4064718428136795, 42.58056998252869]],
  "CNN_CONT_FREQBASED": [[0.7764497565294378, 0.7405946420501328, 0.7764497565294378, 0.7409863000244096, 155.9361047744751], [0.7932713590084108, 0.7734693095907004, 0.7932713590084108, 0.7609812519581481, 333.0651271343231], [0.7910579902611775, 0.7552615665162692, 0.7910579902611775, 0.7550597401261021, 332.1649339199066]],
  "DT_PREPAD_ONEHOT": [["Fold 0", "gini", 0.7330677290836654, 0.7586828784223727, 0.7330677290836654, 0.737774726717386, 1.19114089012146], ["Fold 0", "entropy", 0.7290836653386454, 0.7547303541105763, 0.7290836653386454, 0.7341546134280024, 1.0039548873901367], ["Fold 0", "log_loss", 0.7330677290836654, 0.7601792036230361, 0.7330677290836654, 0.7383112181122217, 0.9698340892791748], ["Fold 1", "gini", 0.7317397078353254, 0.7544233907715346, 0.7317397078353254, 0.73174575080771, 1.1662321090698242], ["Fold 1", "entropy", 0.7304116865869854, 0.7619067321236638, 0.7304116865869854, 0.730747631436293, 0.9182500839233398], ["Fold 1", "log_loss", 0.7304116865869854, 0.7624187112191417, 0.7304116865869854, 0.7307361861357656, 0.992678165435791], ["Fold 2", "gini", 0.7330677290836654, 0.7699475220828864, 0.7330677290836654, 0.7348422931426818, 1.2039639949798584], ["Fold 2", "entropy", 0.7377158034528553, 0.7751081909377548, 0.7377158034528553, 0.7397532733824946, 0.9606647491455078], ["Fold 2", "log_loss", 0.7363877822045153, 0.7751495249125036, 0.7363877822045153, 0.7390984634637124, 1.0104451179504395], ["Fold 3", "gini", 0.7342192691029901, 0.7791564424524522, 0.7342192691029901, 0.7411955255081274, 1.1157000064849854], ["Fold 3", "entropy", 0.7308970099667774, 0.7711229477185424, 0.7308970099667774, 0.7361834225629507, 0.9175150394439697], ["Fold 3", "log_loss", 0.7275747508305648, 0.7635863381864818, 0.7275747508305648, 0.7322825449205697, 0.9769668579101562], ["Fold 4", "gini", 0.7342192691029901, 0.7468283989104274, 0.7342192691029901, 0.7345450143207054, 1.1727302074432373], ["Fold 4", "entropy", 0.7355481727574751, 0.7477612431698643, 0.7355481727574751, 0.7354500310772711, 0.9041111469268799], ["Fold 4", "log_loss", 0.7348837209302326, 0.7475111892922601, 0.7348837209302326, 0.7348915359606132, 0.9178009033203125], ["Fold 5", "gini", 0.7441860465116279, 0.7767799108609991, 0.7441860465116279, 0.746831468843288, 1.1662287712097168], ["Fold 5", "entropy", 0.7408637873754153, 0.7802538114584546, 0.7408637873754153, 0.7439309135604405, 0.9390060901641846], ["Fold 5", "log_loss", 0.7395348837209302, 0.7682337356321349, 0.7395348837209302, 0.7420742844701614, 0.960270881652832]],