{"LSTM_PREPAD_ONEHOT": [[0.5518506168722908, 0.5867207494604474, 0.5518506168722908, 0.5216816010826243, 172.49391412734985], [0.549516505501834, 0.5508129923191271, 0.549516505501834, 0.5276169888916594, 296.7692813873291], [0.5425141713904635, 0.5151405034019619, 0.5425141713904635, 0.5091595335728625, 195.6543312072754]], "LSTM_PREPAD_EMBEDDED": [[0.5425141713904635, 0.521172350790755, 0.5425141713904635, 0.5058020642315445, 390.65652441978455], [0.5311770590196733, 0.5232734971771099, 0.5311770590196733, 0.5034392724363428, 340.5344066619873], [0.5275091697232411, 0.5399529923960251, 0.5275091697232411, 0.5078796008142377, 338.4861309528351]], "LSTM_PREPAD_FREQBASED": [[0.4948316105368456, 0.4356830619339096, 0.4948316105368456, 0.4302398037788703, 435.57837772369385], [0.5271757252417473, 0.5218971712562656, 0.5271757252417473, 0.4915303298158396, 318.48028111457825], [0.5498499499833278, 0.491528410464557, 0.5498499499833278, 0.498476457905292, 412.7822651863098]], "LSTM_CONT_ONEHOT": [[0.5161720573524509, 0.5218833056272651, 0.5161720573524509, 0.47043975633335494, 96.40301561355591], [0.5128376125375125, 0.4870324410494662, 0.5128376125375125, 0.47269734177912814, 118.54143023490906], [0.513837945981994, 0.5021512584217623, 0.513837945981994, 0.4954079920416876, 79.49950337409973]], "LSTM_CONT_EMBEDDED": [[0.5091697232410803, 0.49226755498406694, 0.5091697232410803, 0.48047533389138253, 110.44345617294312], [0.5108369456485495, 0.4818408924625853, 0.5108369456485495, 0.48333188836026064, 136.68839502334595], [0.5091697232410803, 0.4512716908488719, 0.5091697232410803, 0.46092885708322895, 86.22051692008972]], "LSTM_CONT_FREQBASED": [[0.5265088362787596, 0.49856045181625375, 0.5265088362787596, 0.4876016865535603, 695.3492121696472], [0.5251750583527842, 0.4937403041136518, 0.5251750583527842, 0.49864801679795545, 376.7721621990204], [0.5055018339446482, 0.4675435698760169, 0.5055018339446482, 0.4654474233790679, 262.794575214386]], "CNN_PREPAD_ONEHOT": [[0.5361787262420807, 0.556341360464425, 0.5361787262420807, 0.5091263061177259, 237.9707486629486], [0.5488496165388462, 0.5167835168428461, 0.5488496165388462, 0.5101056000884509, 265.8764181137085], [0.5218406135378459, 0.5085541682992265, 0.5218406135378459, 0.4872048790472235, 266.79411029815674]], "CNN_PREPAD_EMBEDDED": [[0.4688229409803268, 0.463631888285643, 0.4688229409803268, 0.4334554215601133, 201.0828094482422], [0.41313771257085696, 0.4492926297086752, 0.41313771257085696, 0.380592325160599, 337.2782373428345], [0.5361787262420807, 0.5179199565074749, 0.5361787262420807, 0.5053419830609023, 633.0324692726135]], "CNN_PREPAD_FREQBASED": [[0.5485161720573525, 0.5212544339050103, 0.5485161720573525, 0.5023840776898911, 366.34687304496765], [0.5478492830943648, 0.5068632560630278, 0.5478492830943648, 0.49751682488737253, 400.1638867855072], [0.5441813937979326, 0.5139420837379428, 0.5441813937979326, 0.49645309885757977, 439.18250799179077]], "CNN_CONT_ONEHOT": [[0.5211737245748583, 0.46984060856374643, 0.5211737245748583, 0.4722520416385479, 414.5590615272522], [0.5248416138712905, 0.49089257166508427, 0.5248416138712905, 0.48123858475631265, 227.96581149101257], [0.5181727242414138, 0.4474324526966842, 0.5181727242414138, 0.4656083960783853, 270.9421799182892]], "CNN_CONT_EMBEDDED": [[0.5095031677225742, 0.4675195183278471, 0.5095031677225742, 0.47118541073936077, 294.216349363327], [0.33644548182727574, 0.32817203762510705, 0.33644548182727574, 0.280892889893473, 137.22364711761475], [0.436812270756919, 0.4965941773808453, 0.436812270756919, 0.4101441195991007, 228.0626540184021]], "CNN_CONT_FREQBASED": [[0.5141713904634878, 0.5086060284542284, 0.5141713904634878, 0.48523528403754024, 365.6415457725525], [0.5308436145381794, 0.4804909517423695, 0.5308436145381794, 0.48689180376863395, 362.90033888816833], [0.5265088362787596, 0.47897605808366145, 0.5265088362787596, 0.4872489637457778, 844.0623505115509]], "DT_PREPAD_ONEHOT": [["Fold 0", "gini", 0.463, 0.5467873357591775, 0.463, 0.48680492448811663, 0.28557491302490234], ["Fold 0", "entropy", 0.459, 0.5426013180941928, 0.459, 0.4815655876458222, 0.30104994773864746], ["Fold 0", "log_loss", 0.46, 0.5466038585277143, 0.46, 0.48456518451775543, 0.30329298973083496], ["Fold 1", "gini", 0.45, 0.5334315431675156, 0.45, 0.469606765432323, 0.27968311309814453], ["Fold 1", "entropy", 0.4525, 0.5333459976451486, 0.4525, 0.4715273331984304, 0.29897332191467285], ["Fold 1", "log_loss", 0.454, 0.5384094146844829, 0.454, 0.473561013925127, 0.2973320484161377], ["Fold 2", "gini", 0.44772386193096547, 0.5429584175872124, 0.44772386193096547, 0.47350663131353143, 0.2780916690826416], ["Fold 2", "entropy", 0.44222111055527763, 0.5356608174059672, 0.44222111055527763, 0.4681912294578482, 0.3005406856536865], ["Fold 2", "log_loss", 0.43921960980490243, 0.5297213043778884, 0.43921960980490243, 0.4649975501267217, 0.3012213706970215], ["Fold 3", "gini", 0.4447223611805903, 0.5338312292215021, 0.4447223611805903, 0.46913410251246485, 0.2805614471435547], ["Fold 3", "entropy", 0.4487243621810905, 0.5339175688749841, 0.4487243621810905, 0.47259977092022065, 0.29270267486572266], ["Fold 3", "log_loss", 0.45072536268134067, 0.5346581541471441, 0.45072536268134067, 0.4750414181632018, 0.2951338291168213], ["Fold 4", "gini", 0.45222611305652827, 0.5581730296143634, 0.45222611305652827, 0.48071857693481407, 0.280773401260376], ["Fold 4", "entropy", 0.448224112056028, 0.5489989567707347, 0.448224112056028, 0.47481419738662245, 0.297823429107666], ["Fold 4", "log_loss", 0.4452226113056528, 0.5504675922749728, 0.4452226113056528, 0.47163924492646786, 0.30140161514282227], ["Fold 5", "gini", 0.439719859929965, 0.5370419486393443, 0.439719859929965, 0.46579997006418955, 0.2821476459503174], ["Fold 5", "entropy", 0.432216108054027, 0.5215886937246587, 0.432216108054027, 0.4570262938214171, 0.2982661724090576], ["Fold 5", "log_loss", 0.432216108054027, 0.5255597431289006, 0.432216108054027, 0.4558147364811987, 0.30014753341674805]],