{"LSTM_PREPAD_ONEHOT": [[0.8086919471665956, 0.763842981468985, 0.8086919471665956, 0.7698031684313267, 222.00333428382874], [0.7993182786536004, 0.7415953033023382, 0.7993182786536004, 0.7559177070771439, 394.98674178123474], [0.7903706859821048, 0.7616337810012482, 0.7903706859821048, 0.7556456293998063, 468.73982310295105], [0.8108223263740946, 0.7547816054090287, 0.8108223263740946, 0.7688747912449156, 293.0688900947571], [0.8095440988495952, 0.7984872574494009, 0.8095440988495952, 0.7742312593891297, 454.53785133361816]], "LSTM_PREPAD_EMBEDDED": [[0.7814230933106093, 0.7448916395939832, 0.7814230933106093, 0.7465209153658101, 531.4519832134247], [0.7907967618236046, 0.7566786174061789, 0.7907967618236046, 0.7600553536077134, 743.83336353302], [0.783979548359608, 0.7461079689486653, 0.783979548359608, 0.7494920740840042, 352.28870677948], [0.7690668939071155, 0.713995539365174, 0.7690668939071155, 0.7194822881149912, 598.5186247825623], [0.7878142309331061, 0.7448399469527529, 0.7878142309331061, 0.7511803741541385, 713.0153234004974]], "LSTM_PREPAD_FREQBASED": [[0.7324243715381338, 0.6812190517040673, 0.7324243715381338, 0.6824824348534579, 685.3333849906921], [0.5811674478057094, 0.5381639708350623, 0.5811674478057094, 0.5194416227589532, 318.550110578537], [0.7362590541116318, 0.6795812039052463, 0.7362590541116318, 0.6820393972095661, 782.1634764671326], [0.6983383042181508, 0.6504405680568114, 0.6983383042181508, 0.6549649329275407, 546.7560606002808], [0.6587132509586706, 0.6168566521674029, 0.6587132509586706, 0.6105931955681466, 539.1567671298981]], "LSTM_CONT_ONEHOT": [[0.7729015764806135, 0.7696499132379371, 0.7729015764806135, 0.7381604655386369, 86.10414242744446], [0.7933532168726033, 0.7788658155799918, 0.7933532168726033, 0.7572464947097116, 91.5490653514862], [0.7950575202386024, 0.7433586440836418, 0.7950575202386024, 0.7528726511665508, 66.8959686756134], [0.7988922028121006, 0.7895987853032898, 0.7988922028121006, 0.7637688567242363, 77.99289798736572], [0.7976139752876011, 0.7466400777362875, 0.7976139752876011, 0.7559643255653957, 121.19008803367615]], "LSTM_CONT_EMBEDDED": [[0.7809970174691095, 0.7529175700829415, 0.7809970174691095, 0.7474018256387179, 108.9392774105072], [0.7737537281636131, 0.7445152570868876, 0.7737537281636131, 0.7389567020211085, 113.7145164012909], [0.7809970174691095, 0.7353127727880613, 0.7809970174691095, 0.7422086160709622, 78.05831122398376], [0.7775884107371112, 0.7381973942694485, 0.7775884107371112, 0.7398563057821054, 79.7492778301239], [0.7797187899446102, 0.7479411511925268, 0.7797187899446102, 0.7437013212821836, 105.0246365070343]], "LSTM_CONT_FREQBASED": [[0.722198551342139, 0.7006927481471937, 0.722198551342139, 0.6814884045052073, 674.7716896533966], [0.7192160204516403, 0.7082661162863655, 0.7192160204516403, 0.6782201600864003, 498.2949163913727], [0.7273114614401364, 0.7352954675162637, 0.7273114614401364, 0.6946931667408347, 584.8311750888824], [0.7349808265871325, 0.6877736160465348, 0.7349808265871325, 0.6838232036342666, 363.27962279319763], [0.7665104388581168, 0.7114947935830532, 0.7665104388581168, 0.713206037521912, 448.4016544818878]], "CNN_PREPAD_ONEHOT": [[0.8010225820195995, 0.7633995481508529, 0.8010225820195995, 0.7677526174176275, 418.96401619911194], [0.8018747337025991, 0.7637268045204852, 0.8018747337025991, 0.7638809096968717, 233.25639605522156], [0.7967618236046016, 0.7900841329814391, 0.7967618236046016, 0.7683346098789597, 542.5728168487549], [0.8091180230080954, 0.7836050379204266, 0.8091180230080954, 0.7784722575604242, 647.8544940948486], [0.8078397954835961, 0.7810049233401551, 0.8078397954835961, 0.7796334045913103, 687.9043328762054]], "CNN_PREPAD_EMBEDDED": [[0.7895185342991052, 0.7443310474237422, 0.7895185342991052, 0.7520244133891495, 683.5918278694153], [0.7903706859821048, 0.7763407884429079, 0.7903706859821048, 0.7568951741645592, 1039.0912601947784], [0.7835534725181083, 0.7602315572740429, 0.7835534725181083, 0.7444965679651567, 656.8869104385376], [0.7916489135066042, 0.719968306769095, 0.7916489135066042, 0.7411252095535187, 423.7140328884125], [0.7967618236046016, 0.7314954393490926, 0.7967618236046016, 0.7510493857834302, 832.7495353221893]], "CNN_PREPAD_FREQBASED": [[0.8031529612270984, 0.7916765421679729, 0.8031529612270984, 0.7789707631351703, 354.24275946617126], [0.8014486578610993, 0.7656672728583329, 0.8014486578610993, 0.759101580126636, 572.9833841323853], [0.7984661269706008, 0.7901955774155718, 0.7984661269706008, 0.7693193393266698, 876.4871382713318], [0.8001704303366, 0.7733572249981611, 0.8001704303366, 0.7678328877793794, 394.012757062912], [0.8035790370685982, 0.7906369654053861, 0.8035790370685982, 0.769179326214475, 702.71644115448]], "CNN_CONT_ONEHOT": [[0.7976139752876011, 0.7645777777040447, 0.7976139752876011, 0.7536085705116545, 324.61452770233154], [0.7980400511291009, 0.7714281977521684, 0.7980400511291009, 0.764111269504196, 164.1519296169281], [0.7984661269706008, 0.7580400836712761, 0.7984661269706008, 0.7597594344254791, 200.342711687088], [0.789944610140605, 0.7461814591250797, 0.789944610140605, 0.7503326108965782, 181.74795126914978], [0.7963357477631018, 0.7612115410931232, 0.7963357477631018, 0.7551983288278067, 197.95712423324585]], "CNN_CONT_EMBEDDED": [[0.4469535577332765, 0.38721226493003746, 0.4469535577332765, 0.3822069439184119, 181.79840803146362], [0.6327226246271836, 0.5677252732587157, 0.6327226246271836, 0.5817863126751813, 128.64250421524048], [0.7584149978696207, 0.7210581356836043, 0.7584149978696207, 0.7199179177831941, 109.85979080200195], [0.63996591393268, 0.5828352274977681, 0.63996591393268, 0.576119031293437, 180.6964144706726], [0.6335747763101832, 0.5258751028055364, 0.6335747763101832, 0.5501877610294543, 112.34022998809814]], "CNN_CONT_FREQBASED": [[0.7988922028121006, 0.7629896349128638, 0.7988922028121006, 0.7619931828122356, 1137.2643883228302], [0.7980400511291009, 0.7399789015486596, 0.7980400511291009, 0.7529336516158909, 394.54601192474365], [0.7882403067746059, 0.7712257651336486, 0.7882403067746059, 0.7538430107795265, 525.8938822746277], [0.7886663826161057, 0.7682788332927498, 0.7886663826161057, 0.7593065782963948, 668.8438022136688], [0.7903706859821048, 0.7656742127500455, 0.7903706859821048, 0.7501677855629394, 396.46938967704773]],