{"LSTM_PREPAD_ONEHOT": [[0.7638687095495972, 0.7619557935698178, 0.7638687095495972, 0.7187152499646687, 5184.262073755264], [0.7745013868709549, 0.7496127980820161, 0.7745013868709549, 0.7284811192703563, 6055.221209764481], [0.7738079513934751, 0.7689222142856967, 0.7738079513934751, 0.726460609035875, 6389.0855321884155], [0.773609826971338, 0.748575607213303, 0.773609826971338, 0.7275869487004422, 30398.533263921738], [0.7660810989301281, 0.7388073660586646, 0.7660810989301281, 0.7183933240139744, 4171.191882133484], [0.7643970413419627, 0.7606894869502927, 0.7643970413419627, 0.7130007452696003, 7923.869246959686]],
  "LSTM_PREPAD_EMBEDDED": [[0.7641989169198257, 0.7244946097100954, 0.7641989169198257, 0.7165763838497149, 8254.058121919632], [0.7686567164179104, 0.7392770311861995, 0.7686567164179104, 0.7291075872394124, 6365.302383184433], [0.7761524237220975, 0.7713491840088885, 0.7761524237220975, 0.7287783347766603, 11781.171167135239], [0.7752608638224805, 0.7678122300552374, 0.7752608638224805, 0.7280526276430651, 7106.451790094376], [0.7646612072381456, 0.7176807075415633, 0.7646612072381456, 0.7182498785972267, 8834.155830860138], [0.7681283846255449, 0.7480249665575219, 0.7681283846255449, 0.7226704548588466, 29288.566018104553]],
  "LSTM_PREPAD_FREQBASED": [[0.67342491084401, 0.6583458210825761, 0.67342491084401, 0.613590967325301, 1258.5465700626373], [0.6839255052172765, 0.6628505295404322, 0.6839255052172765, 0.6313863876725481, 1103.8967130184174], [0.717771760665698, 0.7025872863112751, 0.717771760665698, 0.673815548291994, 1858.2073690891266], [0.7239466384889711, 0.7087956876301937, 0.7239466384889711, 0.6779346815730656, 1683.4365022182465], [0.720215295205389, 0.7179552950591435, 0.720215295205389, 0.6634140713763141, 1354.4321732521057], [0.6785761458195747, 0.6880881268893482, 0.6785761458195747, 0.624459328652824, 2034.283441066742]],
  "LSTM_CONT_ONEHOT": [[0.7607977810064721, 0.7333617772187452, 0.7607977810064721, 0.7169622700391278, 827.9544529914856], [0.7595099722625809, 0.7511063920288568, 0.7595099722625809, 0.7117788898243588, 974.5625340938568], [0.7606326773213579, 0.7574296379481406, 0.7606326773213579, 0.7149165163570483, 1034.836194038391], [0.7498679170519086, 0.7008905348241802, 0.7498679170519086, 0.7040518812843276, 455.0031280517578], [0.7589816404702153, 0.7540147643067935, 0.7589816404702153, 0.712637247593612, 622.4438922405243], [0.7538634262316735, 0.7764257166540041, 0.7538634262316735, 0.7236256477115366, 446.44804286956787]],
  "LSTM_CONT_EMBEDDED": [[0.7615902786950205, 0.7559162048070935, 0.7615902786950205, 0.7155503680846946, 1123.2847728729248], [0.751320829480914, 0.7014042722070801, 0.751320829480914, 0.7055098850638019, 977.2149441242218], [0.7611940298507462, 0.7354221994665261, 0.7611940298507462, 0.7177364758770421, 1056.0671339035034], [0.7563069607713644, 0.7499233802051111, 0.7563069607713644, 0.7143790035904023, 888.4904081821442], [0.7591137234183067, 0.7548353187920248, 0.7591137234183067, 0.7127963751498398, 822.8726551532745], [0.7590807026812838, 0.7553838118978835, 0.7590807026812838, 0.7113661730389275, 299.8575990200043]],
  "LSTM_CONT_FREQBASED": [[0.7338858803328491, 0.6961936294599963, 0.7338858803328491, 0.68439222435485, 12275.459978103638], [0.7366596222427685, 0.7207728645946365, 0.7366596222427685, 0.6861554992829954, 1552.2800498008728], [0.7341500462290318, 0.6971199317512206, 0.7341500462290318, 0.6789203940686951, 1835.8293190002441], [0.7313432835820896, 0.6980453939468155, 0.7313432835820896, 0.677215583791172, 1154.8924992084503], [0.7123893805309734, 0.7440887482709125, 0.7123893805309734, 0.6790292440021307, 1213.639613866806], [0.7300884955752213, 0.7464960872850204, 0.7300884955752213, 0.6902670721122098, 1476.3973450660706]],
  "CNN_PREPAD_ONEHOT": [[0.7758882578259146, 0.7477625137712988, 0.7758882578259146, 0.7314227604936209, 5940.790764093399], [0.7750957601373663, 0.7652019397598057, 0.7750957601373663, 0.7280396157148495, 5849.358594894409], [0.7746664905560692, 0.7601235413860089, 0.7746664905560692, 0.7284005518725916, 2702.8977060317993]],
  "CNN_PREPAD_EMBEDDED": [[0.7750297186633206, 0.7646943198046666, 0.7750297186633206, 0.7273850016149926, 4397.0000648498535], [0.7760533615110289, 0.7620593206706674, 0.7760533615110289, 0.7287240548200133, 3959.817342042923], [0.7750297186633206, 0.760873474301753, 0.7750297186633206, 0.7291535852746402, 5785.464191198349]],
  "CNN_PREPAD_FREQBASED": [[0.7358671245542201, 0.7398931620359005, 0.7358671245542201, 0.6888733619524443, 1466.0984048843384], [0.7373530577202483, 0.7448997699438605, 0.7373530577202483, 0.689350134672383, 2663.468451023102], [0.7369237881389512, 0.7391179597222708, 0.7369237881389512, 0.6918057020845578, 2422.7268249988556]],
  "CNN_CONT_ONEHOT": [[0.7604675736362435, 0.7343082114657553, 0.7604675736362435, 0.7160148394459961, 946.6658170223236], [0.7594439307885352, 0.7535090636568751, 0.7594439307885352, 0.7137821332186379, 718.0716238021851], [0.7590807026812838, 0.7360919283340354, 0.7590807026812838, 0.7162506479910549, 531.6560981273651]], "CNN_CONT_EMBEDDED": [[0.7581231013076212, 0.7505413334650163, 0.7581231013076212, 0.7109444413684486, 647.7473561763763], [0.7612930920618148, 0.7562489371350077, 0.7612930920618148, 0.7142488996299117, 1002.1886410713196], [0.7599722625809008, 0.7554378986572785, 0.7599722625809008, 0.7136375146977885, 824.9043259620667]], "CNN_CONT_FREQBASED": [[0.7429665830141329, 0.7431681079255166, 0.7429665830141329, 0.6915223051215056, 2677.004194021225], [0.7409853387927618, 0.717987473803615, 0.7409853387927618, 0.6984465482468365, 2525.8920288085938], [0.7422071060626073, 0.7409625634545411, 0.7422071060626073, 0.691188058048058, 1252.8506429195404]],
  "DT_PREPAD_ONEHOT": [["Fold 0", "gini", 0.7144130757800892, 0.7397377260353087, 0.7144130757800892, 0.7021156477801872, 30.315502166748047], ["Fold 0", "entropy", 0.7170876671619614, 0.7477216772991391, 0.7170876671619614, 0.70438985656035, 28.378617763519287], ["Fold 0", "log_loss", 0.7176324913323427, 0.7486370902001769, 0.7176324913323427, 0.7043670037511639, 28.904829263687134], ["Fold 1", "gini", 0.7185100797463966, 0.7460211030593874, 0.7185100797463966, 0.7053783733341571, 33.43100690841675], ["Fold 1", "entropy", 0.7195007182128882, 0.7463411766290302, 0.7195007182128882, 0.706779723233948, 30.53951907157898], ["Fold 1", "log_loss", 0.7201446332161078, 0.7488966073870477, 0.7201446332161078, 0.7074482267037712, 30.006649017333984], ["Fold 2", "gini", 0.7204913566793799, 0.7498614387985354, 0.7204913566793799, 0.7086911349029736, 31.091352939605713], ["Fold 2", "entropy", 0.7205408886027045, 0.7474154342528068, 0.7205408886027045, 0.7091210613908748, 32.38535499572754], ["Fold 2", "log_loss", 0.7189063351329932, 0.746979970731215, 0.7189063351329932, 0.7075811482989371, 32.64572191238403], ["Fold 3", "gini", 0.7186586755163703, 0.7484164152723163, 0.7186586755163703, 0.7072845448095783, 33.609562158584595], ["Fold 3", "entropy", 0.7183119520530982, 0.7461449541127779, 0.7183119520530982, 0.7062711023095211, 32.69187617301941], ["Fold 3", "log_loss", 0.717271781663282, 0.7433583706342552, 0.717271781663282, 0.7050390106805786, 30.601874828338623], ["Fold 4", "gini", 0.7154391005002724, 0.7615677858192242, 0.7154391005002724, 0.7037977431420736, 40.96218299865723], ["Fold 4", "entropy", 0.7157858239635445, 0.7594908574847473, 0.7157858239635445, 0.7040495751778135, 36.65004324913025], ["Fold 4", "log_loss", 0.7152905047302986, 0.7589821993627867, 0.7152905047302986, 0.7034406248618622, 29.048879861831665], ["Fold 5", "gini", 0.7199465055228095, 0.7580268426031582, 0.7199465055228095, 0.7076721712550417, 37.878758907318115], ["Fold 5", "entropy", 0.7184110158997474, 0.755515329812748, 0.7184110158997474, 0.7066022644209068, 36.88972496986389], ["Fold 5", "log_loss", 0.7184110158997474, 0.7547650595721619, 0.7184110158997474, 0.7063886809153291, 38.45502591133118]],