{"LSTM_PREPAD_ONEHOT": [[0.7757654161276413, 0.7409661277580937, 0.7757654161276413, 0.7421558241485271, 532.500242471695], [0.7645536869340233, 0.7492759640142865, 0.7645536869340233, 0.7240517503766264, 394.4533762931824], [0.7744717550668392, 0.7518527441467745, 0.7744717550668392, 0.7410076650916295, 304.8753283023834], [0.7680034497628289, 0.7729366241286844, 0.7680034497628289, 0.734236219945408, 414.2813904285431], [0.7658473479948253, 0.7240990249670396, 0.7658473479948253, 0.720511262875619, 335.27184295654297]], "LSTM_PREPAD_EMBEDDED": [[0.7542043984476067, 0.7332334386042978, 0.7542043984476067, 0.7275494877295355, 492.624392747879], [0.7494609745579991, 0.7463858480436268, 0.7494609745579991, 0.7240976866738023, 425.06999945640564], [0.7455799913755929, 0.7311194268525841, 0.7455799913755929, 0.7147510370884849, 437.63740634918213], [0.7692971108236308, 0.7700126913699177, 0.7692971108236308, 0.730729400343076, 885.890627861023], [0.7378180250107805, 0.7159063582751276, 0.7378180250107805, 0.7098525829444934, 501.55791759490967]], "LSTM_PREPAD_FREQBASED": [[0.4833980163863734, 0.461349649018542, 0.4833980163863734, 0.4288136008385135, 642.1221616268158], [0.6567485985338508, 0.6702719079472045, 0.6567485985338508, 0.6036564735578882, 722.1643080711365], [0.5515308322552824, 0.5116429100495874, 0.5515308322552824, 0.5013149348198019, 434.1465697288513], [0.5929279862009487, 0.5208538802976922, 0.5929279862009487, 0.5338190754015595, 442.9059691429138], [0.39413540319103063, 0.3688184352496871, 0.39413540319103063, 0.35193522002042293, 651.8454451560974]], "LSTM_CONT_ONEHOT": [[0.7680034497628289, 0.738834489084635, 0.7680034497628289, 0.7288064075102832, 146.24913144111633], [0.7636912462268219, 0.7724528024415981, 0.7636912462268219, 0.7353894771142955, 65.40351557731628], [0.7684346701164295, 0.7560916974144745, 0.7684346701164295, 0.7355075893977903, 88.2152247428894], [0.7744717550668392, 0.7134575133173096, 0.7744717550668392, 0.7276622668002377, 58.358909606933594], [0.7667097887020268, 0.7398037778432657, 0.7667097887020268, 0.7272205320587628, 93.26363921165466]], "LSTM_CONT_EMBEDDED": [[0.7550668391548081, 0.7310287804348041, 0.7550668391548081, 0.7167155077949166, 163.30897688865662], [0.7408365674859854, 0.7532184462609613, 0.7408365674859854, 0.7154283356707537, 117.10042405128479], [0.7498921949115999, 0.7551222498649401, 0.7498921949115999, 0.7220360350758954, 153.00739002227783], [0.7235877533419578, 0.7205709635365184, 0.7235877533419578, 0.6892763733583499, 94.08467149734497], [0.7425614489003881, 0.7232270468172403, 0.7425614489003881, 0.7102914411515637, 147.2421896457672]], "LSTM_CONT_FREQBASED": [[0.7477360931435963, 0.7454886709038827, 0.7477360931435963, 0.7217386776176754, 1316.1144800186157], [0.702457956015524, 0.6856176696583027, 0.702457956015524, 0.6661002629651679, 587.1037936210632], [0.536869340232859, 0.5267532914282335, 0.536869340232859, 0.493145182139974, 345.4178681373596], [0.7455799913755929, 0.717255346880758, 0.7455799913755929, 0.7082218145220631, 590.8725287914276], [0.6343251401466149, 0.5955970854880768, 0.6343251401466149, 0.5934666077929894, 678.3578267097473]], "CNN_PREPAD_ONEHOT": [[0.7744717550668392, 0.7701635589975546, 0.7744717550668392, 0.7478919841939015, 371.6511151790619], [0.7740405347132384, 0.7526518598068759, 0.7740405347132384, 0.7475093686704679, 454.5755696296692], [0.777490297542044, 0.7761554547992577, 0.777490297542044, 0.7553434477387371, 295.59064197540283], [0.7723156532988357, 0.7737286217545902, 0.7723156532988357, 0.747445450233795, 628.5564272403717], [0.7744717550668392, 0.7658768327625074, 0.7744717550668392, 0.7472332718246925, 378.3140847682953]], "CNN_PREPAD_EMBEDDED": [[0.7438551099611902, 0.7136624043450366, 0.7438551099611902, 0.7071816634244351, 379.8716850280762], [0.753773178094006, 0.7310811092497679, 0.753773178094006, 0.7208909807459065, 671.6563975811005], [0.7386804657179818, 0.7443043564378612, 0.7386804657179818, 0.705606665488398, 791.3378760814667], [0.7477360931435963, 0.7216761813019409, 0.7477360931435963, 0.7081478081122, 587.6665422916412], [0.7347994825355757, 0.744437560873332, 0.7347994825355757, 0.7133181464044686, 331.7738583087921]], "CNN_PREPAD_FREQBASED": [[0.7835273824924537, 0.7570938218442177, 0.7835273824924537, 0.7501725605252239, 538.3340547084808], [0.7792151789564468, 0.7857919097999801, 0.7792151789564468, 0.7560735593278669, 594.0526361465454], [0.7787839586028461, 0.7874192445672881, 0.7787839586028461, 0.7543294761774105, 447.08396768569946], [0.7800776196636481, 0.7879517121221294, 0.7800776196636481, 0.7561699728578707, 549.4682602882385], [0.7839586028460543, 0.7910735626753288, 0.7839586028460543, 0.7503669256069229, 538.1576690673828]], "CNN_CONT_ONEHOT": [[0.7684346701164295, 0.7545153495405816, 0.7684346701164295, 0.7362696344864275, 260.066766500473], [0.7761966364812419, 0.7477293338062191, 0.7761966364812419, 0.7414877562338649, 217.2912187576294], [0.7701595515308323, 0.7260642577333241, 0.7701595515308323, 0.7285071473450767, 255.39275479316711], [0.7464424320827943, 0.7529714336322435, 0.7464424320827943, 0.7234929199866401, 313.31997752189636], [0.7731780940060371, 0.7471541083508463, 0.7731780940060371, 0.7354507793326903, 138.27973341941833]], "CNN_CONT_EMBEDDED": [[0.49547218628719275, 0.5325283589088003, 0.49547218628719275, 0.45346203679025676, 199.38984632492065], [0.598102630444157, 0.5581572030853527, 0.598102630444157, 0.5458711596767688, 139.5837540626526], [0.5032341526520052, 0.5052450352361123, 0.5032341526520052, 0.4490400387695467, 320.64851808547974], [0.5661923242777059, 0.4777353750246727, 0.5661923242777059, 0.48966757986044546, 162.65871334075928], [0.741267787839586, 0.6866212939507744, 0.741267787839586, 0.6839653192505779, 178.8376271724701]], "CNN_CONT_FREQBASED": [[0.7658473479948253, 0.7582527028734694, 0.7658473479948253, 0.7354224568946515, 292.8115267753601], [0.7744717550668392, 0.765677710299777, 0.7744717550668392, 0.7382110178435837, 342.9660453796387], [0.7554980595084088, 0.7662006144007018, 0.7554980595084088, 0.7271233453524647, 344.06275820732117], [0.7658473479948253, 0.7536657647530329, 0.7658473479948253, 0.7312380997291051, 442.5728373527527], [0.771884432945235, 0.7456682271265591, 0.771884432945235, 0.7364497070013571, 636.4821746349335]],