{"LSTM_PREPAD_ONEHOT": [[0.6153846153846154, 0.44487179487179485, 0.6153846153846154, 0.5131868131868131], [0.5384615384615384, 0.6153846153846154, 0.5384615384615384, 0.49230769230769234], [0.6923076923076923, 0.6794871794871794, 0.6923076923076923, 0.6230769230769231], [0.23076923076923078, 0.06293706293706293, 0.23076923076923078, 0.0989010989010989], [0.5384615384615384, 0.5384615384615384, 0.5384615384615384, 0.4794871794871795], [0.8461538461538461, 0.8076923076923077, 0.8461538461538461, 0.8058608058608058]], "LSTM_PREPAD_EMBEDDED": [[0.38461538461538464, 0.3324175824175824, 0.38461538461538464, 0.31892551892551896], [0.07692307692307693, 0.02307692307692308, 0.07692307692307693, 0.03550295857988165], [0.6923076923076923, 0.5256410256410257, 0.6923076923076923, 0.5846153846153845], [0.5384615384615384, 0.4198717948717948, 0.5384615384615384, 0.4335664335664336], [0.46153846153846156, 0.3743589743589744, 0.46153846153846156, 0.37692307692307697], [0.23076923076923078, 0.05325443786982249, 0.23076923076923078, 0.08653846153846154]], "LSTM_PREPAD_FREQBASED": [[0.23076923076923078, 0.05325443786982249, 0.23076923076923078, 0.08653846153846154], [0.23076923076923078, 0.05325443786982249, 0.23076923076923078, 0.08653846153846154], [0.23076923076923078, 0.05325443786982249, 0.23076923076923078, 0.08653846153846154], [0.23076923076923078, 0.05325443786982249, 0.23076923076923078, 0.08653846153846154], [0.23076923076923078, 0.05325443786982249, 0.23076923076923078, 0.08653846153846154], [0.23076923076923078, 0.05325443786982249, 0.23076923076923078, 0.08653846153846154]], "LSTM_CONT_ONEHOT": [[0.6923076923076923, 0.5794871794871794, 0.6923076923076923, 0.6230769230769231], [0.6153846153846154, 0.47115384615384615, 0.6153846153846154, 0.5104895104895105], [0.6923076923076923, 0.5794871794871794, 0.6923076923076923, 0.6230769230769231], [0.6923076923076923, 0.6373626373626373, 0.6923076923076923, 0.6256410256410256], [0.9230769230769231, 0.9487179487179487, 0.9230769230769231, 0.9230769230769231], [0.5384615384615384, 0.33076923076923076, 0.5384615384615384, 0.39560439560439564]], "LSTM_CONT_EMBEDDED": [[0.6153846153846154, 0.5794871794871794, 0.6153846153846154, 0.5641025641025641], [0.6923076923076923, 0.5846153846153845, 0.6923076923076923, 0.6025641025641024], [0.8461538461538461, 0.8653846153846154, 0.8461538461538461, 0.843956043956044], [0.9230769230769231, 0.9487179487179487, 0.9230769230769231, 0.9230769230769231], [0.9230769230769231, 0.9487179487179487, 0.9230769230769231, 0.9230769230769231], [0.9230769230769231, 0.9487179487179487, 0.9230769230769231, 0.9230769230769231]], "LSTM_CONT_FREQBASED": [[0.23076923076923078, 0.05325443786982249, 0.23076923076923078, 0.08653846153846154], [0.23076923076923078, 0.05325443786982249, 0.23076923076923078, 0.08653846153846154], [0.23076923076923078, 0.05325443786982249, 0.23076923076923078, 0.08653846153846154], [0.23076923076923078, 0.05325443786982249, 0.23076923076923078, 0.08653846153846154], [0.23076923076923078, 0.05325443786982249, 0.23076923076923078, 0.08653846153846154], [0.23076923076923078, 0.05325443786982249, 0.23076923076923078, 0.08653846153846154]], "CNN_PREPAD_ONEHOT": [[0.6153846153846154, 0.38846153846153847, 0.6153846153846154, 0.4734432234432234], [0.38461538461538464, 0.14807692307692308, 0.38461538461538464, 0.21378621378621376], [0.6153846153846154, 0.391025641025641, 0.6153846153846154, 0.4747252747252747], [0.46153846153846156, 0.25, 0.46153846153846156, 0.3131868131868132], [0.38461538461538464, 0.26153846153846155, 0.38461538461538464, 0.28205128205128205], [0.23076923076923078, 0.05325443786982249, 0.23076923076923078, 0.08653846153846154]], "CNN_PREPAD_EMBEDDED": [[0.15384615384615385, 0.02366863905325444, 0.15384615384615385, 0.04102564102564103], [0.23076923076923078, 0.05325443786982249, 0.23076923076923078, 0.08653846153846154], [0.15384615384615385, 0.02366863905325444, 0.15384615384615385, 0.04102564102564103], [0.23076923076923078, 0.05325443786982249, 0.23076923076923078, 0.08653846153846154], [0.23076923076923078, 0.05325443786982249, 0.23076923076923078, 0.08653846153846154], [0.23076923076923078, 0.05325443786982249, 0.23076923076923078, 0.08653846153846154]], "CNN_PREPAD_FREQBASED": [[0.23076923076923078, 0.05325443786982249, 0.23076923076923078, 0.08653846153846154], [0.23076923076923078, 0.05325443786982249, 0.23076923076923078, 0.08653846153846154], [0.23076923076923078, 0.05325443786982249, 0.23076923076923078, 0.08653846153846154], [0.23076923076923078, 0.05325443786982249, 0.23076923076923078, 0.08653846153846154], [0.23076923076923078, 0.05325443786982249, 0.23076923076923078, 0.08653846153846154], [0.23076923076923078, 0.05325443786982249, 0.23076923076923078, 0.08653846153846154]], "CNN_CONT_ONEHOT": [[0.23076923076923078, 0.05325443786982249, 0.23076923076923078, 0.08653846153846154], [0.15384615384615385, 0.02366863905325444, 0.15384615384615385, 0.04102564102564103], [0.23076923076923078, 0.05325443786982249, 0.23076923076923078, 0.08653846153846154], [0.23076923076923078, 0.05325443786982249, 0.23076923076923078, 0.08653846153846154], [0.6153846153846154, 0.3794871794871794, 0.6153846153846154, 0.46923076923076923], [0.38461538461538464, 0.26153846153846155, 0.38461538461538464, 0.28205128205128205]], "CNN_CONT_EMBEDDED": [[0.38461538461538464, 0.1717948717948718, 0.38461538461538464, 0.22958579881656804], [0.23076923076923078, 0.05325443786982249, 0.23076923076923078, 0.08653846153846154], [0.15384615384615385, 0.02366863905325444, 0.15384615384615385, 0.04102564102564103], [0.15384615384615385, 0.02366863905325444, 0.15384615384615385, 0.04102564102564103], [0.23076923076923078, 0.05325443786982249, 0.23076923076923078, 0.08653846153846154], [0.15384615384615385, 0.02366863905325444, 0.15384615384615385, 0.04102564102564103]], "CNN_CONT_FREQBASED": [[0.23076923076923078, 0.05325443786982249, 0.23076923076923078, 0.08653846153846154], [0.23076923076923078, 0.05325443786982249, 0.23076923076923078, 0.08653846153846154], [0.23076923076923078, 0.05325443786982249, 0.23076923076923078, 0.08653846153846154], [0.23076923076923078, 0.05325443786982249, 0.23076923076923078, 0.08653846153846154], [0.23076923076923078, 0.05325443786982249, 0.23076923076923078, 0.08653846153846154], [0.23076923076923078, 0.05325443786982249, 0.23076923076923078, 0.08653846153846154]], "DT_PREPAD_ONEHOT": [["Fold 0", "gini", 0.8888888888888888, 0.9444444444444444, 0.8888888888888888, 0.8962962962962963], ["Fold 0", "entropy", 0.8888888888888888, 0.9444444444444444, 0.8888888888888888, 0.8962962962962963], ["Fold 0", "log_loss", 0.8888888888888888, 0.9444444444444444, 0.8888888888888888, 0.8962962962962963], ["Fold 1", "gini", 1.0, 1.0, 1.0, 1.0], ["Fold 1", "entropy", 1.0, 1.0, 1.0, 1.0], ["Fold 1", "log_loss", 1.0, 1.0, 1.0, 1.0], ["Fold 2", "gini", 1.0, 1.0, 1.0, 1.0], ["Fold 2", "entropy", 1.0, 1.0, 1.0, 1.0], ["Fold 2", "log_loss", 1.0, 1.0, 1.0, 1.0], ["Fold 3", "gini", 1.0, 1.0, 1.0, 1.0], ["Fold 3", "entropy", 1.0, 1.0, 1.0, 1.0], ["Fold 3", "log_loss", 1.0, 1.0, 1.0, 1.0], ["Fold 4", "gini", 0.875, 0.9375, 0.875, 0.875], ["Fold 4", "entropy", 0.875, 0.9375, 0.875, 0.875], ["Fold 4", "log_loss", 0.875, 0.9375, 0.875, 0.875], ["Fold 5", "gini", 1.0, 1.0, 1.0, 1.0], ["Fold 5", "entropy", 1.0, 1.0, 1.0, 1.0], ["Fold 5", "log_loss", 1.0, 1.0, 1.0, 1.0]],