{"LSTM_PREPAD_ONEHOT": [[0.9111111111111111, 0.9466666666666667, 0.9111111111111111, 0.9060606060606061, 14.195735931396484],
  [0.9111111111111111, 0.9466666666666667, 0.9111111111111111, 0.9060606060606061, 17.445562839508057],
  [0.9111111111111111, 0.9466666666666667, 0.9111111111111111, 0.9060606060606061, 15.156885862350464],
  [0.9333333333333333, 0.9523809523809524, 0.9333333333333333, 0.9277777777777778, 12.357393026351929],
  [0.9111111111111111, 0.9466666666666667, 0.9111111111111111, 0.9060606060606061, 13.324531078338623],
  [0.9111111111111111, 0.9466666666666667, 0.9111111111111111, 0.9060606060606061, 13.7052481174469]],
  "LSTM_PREPAD_EMBEDDED": [[0.9333333333333333, 0.9523809523809524, 0.9333333333333333, 0.9277777777777778, 15.31013298034668], [0.9111111111111111, 0.9466666666666667, 0.9111111111111111, 0.9060606060606061, 16.401603937149048], [0.9333333333333333, 0.9523809523809524, 0.9333333333333333, 0.9277777777777778, 13.788728952407837], [0.9333333333333333, 0.9523809523809524, 0.9333333333333333, 0.9277777777777778, 12.192767143249512], [0.9111111111111111, 0.9466666666666667, 0.9111111111111111, 0.9060606060606061, 13.331125020980835], [0.9333333333333333, 0.9523809523809524, 0.9333333333333333, 0.9277777777777778, 11.606222152709961]], "LSTM_PREPAD_FREQBASED": [[0.14444444444444443, 0.020864197530864194, 0.14444444444444443, 0.03646170442286947, 9.723978757858276], [0.1111111111111111, 0.01234567901234568, 0.1111111111111111, 0.02222222222222222, 18.167128086090088], [0.16666666666666666, 0.027777777777777776, 0.16666666666666666, 0.047619047619047616, 16.441087007522583], [0.13333333333333333, 0.017777777777777778, 0.13333333333333333, 0.03137254901960784, 8.89330005645752], [0.13333333333333333, 0.017777777777777778, 0.13333333333333333, 0.03137254901960784, 9.702661991119385], [0.13333333333333333, 0.017777777777777778, 0.13333333333333333, 0.03137254901960784, 10.378951072692871]], "LSTM_CONT_ONEHOT": [[0.9333333333333333, 0.9523809523809524, 0.9333333333333333, 0.9277777777777778, 11.644991159439087], [0.9111111111111111, 0.9466666666666667, 0.9111111111111111, 0.9060606060606061, 15.562582969665527], [0.9111111111111111, 0.9466666666666667, 0.9111111111111111, 0.9060606060606061, 21.587790727615356], [0.9111111111111111, 0.9466666666666667, 0.9111111111111111, 0.9060606060606061, 14.533936262130737], [0.9333333333333333, 0.9523809523809524, 0.9333333333333333, 0.9277777777777778, 15.502933025360107], [0.9111111111111111, 0.9466666666666667, 0.9111111111111111, 0.9060606060606061, 17.00348997116089]], "LSTM_CONT_EMBEDDED": [[0.9111111111111111, 0.9466666666666667, 0.9111111111111111, 0.9060606060606061, 10.839793920516968], [0.9333333333333333, 0.9523809523809524, 0.9333333333333333, 0.9277777777777778, 10.207351922988892], [0.9333333333333333, 0.9523809523809524, 0.9333333333333333, 0.9277777777777778, 13.795061111450195], [0.9111111111111111, 0.9466666666666667, 0.9111111111111111, 0.9060606060606061, 11.756485939025879], [0.9333333333333333, 0.9523809523809524, 0.9333333333333333, 0.9277777777777778, 10.86884617805481], [0.9111111111111111, 0.9466666666666667, 0.9111111111111111, 0.9060606060606061, 11.817341804504395]], "LSTM_CONT_FREQBASED": [[0.14444444444444443, 0.020864197530864194, 0.14444444444444443, 0.03646170442286947, 11.760422945022583], [0.1111111111111111, 0.01234567901234568, 0.1111111111111111, 0.02222222222222222, 11.699600219726562], [0.16666666666666666, 0.027777777777777776, 0.16666666666666666, 0.047619047619047616, 10.566192865371704], [0.14444444444444443, 0.020864197530864194, 0.14444444444444443, 0.03646170442286947, 12.875051021575928], [0.1111111111111111, 0.01234567901234568, 0.1111111111111111, 0.02222222222222222, 14.636138916015625], [0.13333333333333333, 0.017777777777777778, 0.13333333333333333, 0.03137254901960784, 25.788627862930298]], "CNN_PREPAD_ONEHOT": [[0.2, 0.04, 0.2, 0.06666666666666668, 4.183804750442505], [0.2, 0.04, 0.2, 0.06666666666666668, 3.5076558589935303], [0.2, 0.04, 0.2, 0.06666666666666668, 2.992255926132202], [0.2, 0.04, 0.2, 0.06666666666666668, 2.9354801177978516], [0.2, 0.04, 0.2, 0.06666666666666668, 3.1761481761932373], [0.2, 0.04, 0.2, 0.06666666666666668, 3.4997010231018066]], "CNN_PREPAD_EMBEDDED": [[0.2, 0.04, 0.2, 0.06666666666666668, 3.506227970123291], [0.2, 0.04, 0.2, 0.06666666666666668, 4.373288869857788], [0.2, 0.04, 0.2, 0.06666666666666668, 4.0419921875], [0.2, 0.04, 0.2, 0.06666666666666668, 3.9898390769958496], [0.2, 0.04, 0.2, 0.06666666666666668, 3.955949068069458], [0.2, 0.04, 0.2, 0.06666666666666668, 4.264878034591675]], "CNN_PREPAD_FREQBASED": [[0.1111111111111111, 0.01234567901234568, 0.1111111111111111, 0.02222222222222222, 49.05211424827576], [0.1111111111111111, 0.01234567901234568, 0.1111111111111111, 0.02222222222222222, 65.66053199768066], [0.1111111111111111, 0.01234567901234568, 0.1111111111111111, 0.02222222222222222, 55.39068388938904], [0.1111111111111111, 0.01234567901234568, 0.1111111111111111, 0.02222222222222222, 70.68043422698975], [0.1111111111111111, 0.01234567901234568, 0.1111111111111111, 0.02222222222222222, 56.234614849090576], [0.1111111111111111, 0.01234567901234568, 0.1111111111111111, 0.02222222222222222, 44.80625104904175]], "CNN_CONT_ONEHOT": [[0.2, 0.04, 0.2, 0.06666666666666668, 2.990473985671997], [0.3111111111111111, 0.15611111111111112, 0.3111111111111111, 0.18458049886621314, 3.1064107418060303], [0.2, 0.04, 0.2, 0.06666666666666668, 3.1249752044677734], [0.2, 0.04, 0.2, 0.06666666666666668, 3.1458899974823], [0.2, 0.04, 0.2, 0.06666666666666668, 3.5221710205078125], [0.2, 0.04, 0.2, 0.06666666666666668, 4.08600378036499]], "CNN_CONT_EMBEDDED": [[0.2, 0.04, 0.2, 0.06666666666666668, 4.017843246459961], [0.2, 0.04, 0.2, 0.06666666666666668, 3.9687979221343994], [0.2, 0.04, 0.2, 0.06666666666666668, 3.4103569984436035], [0.2, 0.04, 0.2, 0.06666666666666668, 3.546035051345825], [0.2, 0.04, 0.2, 0.06666666666666668, 3.746968984603882], [0.2, 0.04, 0.2, 0.06666666666666668, 2.9422779083251953]], "CNN_CONT_FREQBASED": [[0.1111111111111111, 0.01234567901234568, 0.1111111111111111, 0.02222222222222222, 56.73586297035217], [0.1111111111111111, 0.01234567901234568, 0.1111111111111111, 0.02222222222222222, 62.78770589828491], [0.1111111111111111, 0.01234567901234568, 0.1111111111111111, 0.02222222222222222, 60.45713782310486], [0.1111111111111111, 0.01234567901234568, 0.1111111111111111, 0.02222222222222222, 57.08932089805603], [0.1111111111111111, 0.01234567901234568, 0.1111111111111111, 0.02222222222222222, 64.05336618423462], [0.1111111111111111, 0.01234567901234568, 0.1111111111111111, 0.02222222222222222, 60.75819706916809]],