{"LSTM_PREPAD_ONEHOT": [[0.7808219178082192, 0.7923045930701048, 0.7808219178082192, 0.7694498804087845, 13.04301118850708],
  [0.773972602739726, 0.827257570295602, 0.773972602739726, 0.7457384966631542, 12.801335096359253], [0.8013698630136986, 0.8066270127373228, 0.8013698630136986, 0.7858681076442059, 11.576894044876099], [0.773972602739726, 0.7618390875844542, 0.773972602739726, 0.7581202398951059, 13.692166090011597], [0.773972602739726, 0.7880269651197679, 0.773972602739726, 0.757358167918147, 12.05943512916565], [0.7602739726027398, 0.7764736405147364, 0.7602739726027398, 0.7475130463144162, 11.71853494644165]], "LSTM_PREPAD_EMBEDDED": [[0.7602739726027398, 0.8128525382755841, 0.7602739726027398, 0.7503361934868785, 13.084394931793213], [0.7808219178082192, 0.8269757639620652, 0.7808219178082192, 0.7703221126073075, 10.236500978469849], [0.7534246575342466, 0.7829644745425207, 0.7534246575342466, 0.730862547938599, 12.359601974487305], [0.7671232876712328, 0.8201782996303544, 0.7671232876712328, 0.7455469695195722, 20.5869460105896], [0.773972602739726, 0.7660163276601633, 0.773972602739726, 0.7646989113405376, 17.17290186882019], [0.1506849315068493, 0.049703044645701536, 0.1506849315068493, 0.06440538913141654, 6.554919004440308]], "LSTM_PREPAD_FREQBASED": [[0.06164383561643835, 0.003799962469506474, 0.06164383561643835, 0.007158638974812196, 15.312932968139648], [0.06164383561643835, 0.003799962469506474, 0.06164383561643835, 0.007158638974812196, 14.14000391960144], [0.0684931506849315, 0.0046913116907487335, 0.0684931506849315, 0.008781173164734807, 23.04281997680664], [0.06164383561643835, 0.003799962469506474, 0.06164383561643835, 0.007158638974812196, 11.08948802947998], [0.0684931506849315, 0.0046913116907487335, 0.0684931506849315, 0.008781173164734807, 9.39317774772644], [0.0684931506849315, 0.0046913116907487335, 0.0684931506849315, 0.008781173164734807, 10.034033060073853]], "LSTM_CONT_ONEHOT": [[0.7397260273972602, 0.7280935556519762, 0.7397260273972602, 0.7283964893553935, 10.336318969726562], [0.7328767123287672, 0.7493476842791912, 0.7328767123287672, 0.718338930989763, 11.087775230407715], [0.6986301369863014, 0.7044664441118913, 0.6986301369863014, 0.6853916931422339, 11.972338914871216], [0.7054794520547946, 0.6990474317799481, 0.7054794520547946, 0.6947180830506292, 11.566857099533081], [0.678082191780822, 0.673197548666186, 0.678082191780822, 0.6697419220586022, 11.156548023223877], [0.7534246575342466, 0.8007591500911828, 0.7534246575342466, 0.7401938041572081, 12.35387396812439]], "LSTM_CONT_EMBEDDED": [[0.7123287671232876, 0.7212752200135041, 0.7123287671232876, 0.7005783540974849, 10.672357082366943], [0.7465753424657534, 0.7255723728326468, 0.7465753424657534, 0.7270222292233404, 12.621670246124268], [0.7054794520547946, 0.7600757029560201, 0.7054794520547946, 0.6908007810101944, 12.416768789291382], [0.684931506849315, 0.7153946510110893, 0.684931506849315, 0.6792450046971956, 11.609391212463379], [0.7328767123287672, 0.7063035675042122, 0.7328767123287672, 0.7163622526636225, 11.782185316085815], [0.7123287671232876, 0.7783590958428738, 0.7123287671232876, 0.7004086046533775, 16.05311894416809]], "LSTM_CONT_FREQBASED": [[0.0684931506849315, 0.0046913116907487335, 0.0684931506849315, 0.008781173164734807, 11.864253282546997], [0.0684931506849315, 0.0046913116907487335, 0.0684931506849315, 0.008781173164734807, 16.063448905944824], [0.0684931506849315, 0.0046913116907487335, 0.0684931506849315, 0.008781173164734807, 12.08777904510498], [0.0684931506849315, 0.0046913116907487335, 0.0684931506849315, 0.008781173164734807, 8.594912052154541], [0.0821917808219178, 0.006755488834678176, 0.0821917808219178, 0.012484827466620427, 15.897808074951172], [0.0821917808219178, 0.006755488834678176, 0.0821917808219178, 0.012484827466620427, 12.225019931793213]], "CNN_PREPAD_ONEHOT": [[0.14383561643835616, 0.030134377038486627, 0.14383561643835616, 0.047007318258678876, 4.709313154220581], [0.10273972602739725, 0.03019406392694064, 0.10273972602739725, 0.04181497860712617, 5.96774697303772], [0.0684931506849315, 0.00518887505188875, 0.0684931506849315, 0.009646922631680495, 7.332550764083862], [0.13013698630136986, 0.1004566210045662, 0.13013698630136986, 0.08384506376948513, 6.099077939987183], [0.1232876712328767, 0.02127816907917845, 0.1232876712328767, 0.035918875644903044, 4.5048441886901855], [0.2054794520547945, 0.1036509579660767, 0.2054794520547945, 0.11860370103340542, 3.8756260871887207]], "CNN_PREPAD_EMBEDDED": [[0.0684931506849315, 0.0046913116907487335, 0.0684931506849315, 0.008781173164734807, 3.923156976699829], [0.11643835616438356, 0.05287277027692914, 0.11643835616438356, 0.057138916980785145, 4.460976839065552], [0.08904109589041095, 0.00792831675736536, 0.08904109589041095, 0.014560179202205566, 4.233609914779663], [0.0547945205479452, 0.003002439482079189, 0.0547945205479452, 0.005692937199786514, 4.833178997039795], [0.08904109589041095, 0.00792831675736536, 0.08904109589041095, 0.014560179202205566, 5.392060995101929], [0.0547945205479452, 0.003002439482079189, 0.0547945205479452, 0.005692937199786514, 5.113120079040527]], "CNN_PREPAD_FREQBASED": [[0.0684931506849315, 0.0046913116907487335, 0.0684931506849315, 0.008781173164734807, 77.74067616462708], [0.0684931506849315, 0.0046913116907487335, 0.0684931506849315, 0.008781173164734807, 93.41373801231384], [0.0684931506849315, 0.0046913116907487335, 0.0684931506849315, 0.008781173164734807, 79.11658692359924], [0.0684931506849315, 0.0046913116907487335, 0.0684931506849315, 0.008781173164734807, 93.01521897315979], [0.0684931506849315, 0.0046913116907487335, 0.0684931506849315, 0.008781173164734807, 77.46104764938354], [0.0684931506849315, 0.0046913116907487335, 0.0684931506849315, 0.008781173164734807, 89.30032205581665]], "CNN_CONT_ONEHOT": [[0.0821917808219178, 0.0068020784128483705, 0.0821917808219178, 0.012564348660675333, 6.531705856323242], [0.1232876712328767, 0.02622566690699351, 0.1232876712328767, 0.0409099361557057, 5.164933919906616], [0.7054794520547946, 0.6963110586700434, 0.7054794520547946, 0.6928009480280569, 9.586692810058594], [0.0547945205479452, 0.003002439482079189, 0.0547945205479452, 0.005692937199786514, 5.29190993309021], [0.10273972602739725, 0.028387334545159255, 0.10273972602739725, 0.040004029008863816, 5.306188106536865], [0.1095890410958904, 0.019527626709887815, 0.1095890410958904, 0.033105818338026824, 9.36543321609497]], "CNN_CONT_EMBEDDED": [[0.08904109589041095, 0.00792831675736536, 0.08904109589041095, 0.014560179202205566, 5.7036309242248535], [0.0547945205479452, 0.003002439482079189, 0.0547945205479452, 0.005692937199786514, 4.392221927642822], [0.08904109589041095, 0.00792831675736536, 0.08904109589041095, 0.014560179202205566, 4.044712066650391], [0.08904109589041095, 0.00792831675736536, 0.08904109589041095, 0.014560179202205566, 3.6529061794281006], [0.0958904109589041, 0.042285007610350075, 0.0958904109589041, 0.026161184306197835, 4.727129936218262], [0.0547945205479452, 0.003002439482079189, 0.0547945205479452, 0.005692937199786514, 3.81347393989563]], "CNN_CONT_FREQBASED": [[0.0684931506849315, 0.0046913116907487335, 0.0684931506849315, 0.008781173164734807, 67.2137451171875], [0.0684931506849315, 0.0046913116907487335, 0.0684931506849315, 0.008781173164734807, 64.73427104949951], [0.0684931506849315, 0.0046913116907487335, 0.0684931506849315, 0.008781173164734807, 72.02857089042664], [0.0684931506849315, 0.0046913116907487335, 0.0684931506849315, 0.008781173164734807, 75.97611808776855], [0.0684931506849315, 0.0046913116907487335, 0.0684931506849315, 0.008781173164734807, 64.84071493148804], [0.0684931506849315, 0.0046913116907487335, 0.0684931506849315, 0.008781173164734807, 70.96483278274536]],