{"LSTM_PREPAD_ONEHOT": [[0.6392045454545454, 0.6010515773310191, 0.6392045454545454, 0.5806045269850735, 953.8825309276581], [0.6278409090909091, 0.6192584925396741, 0.6278409090909091, 0.5830791168453321, 1240.0612559318542], [0.6278409090909091, 0.6096059353947949, 0.6278409090909091, 0.5839564060468303, 846.0155305862427], [0.6278409090909091, 0.622457007080929, 0.6278409090909091, 0.5891552442053776, 830.2676198482513], [0.6070075757575758, 0.6115259726872765, 0.6070075757575758, 0.5851353104692625, 1344.4315440654755]], "LSTM_PREPAD_EMBEDDED": [[0.6098484848484849, 0.619170299187299, 0.6098484848484849, 0.5846936422740625, 1885.0122640132904], [0.6022727272727273, 0.5728555977620985, 0.6022727272727273, 0.5685639733613483, 1661.6524195671082], [0.5861742424242424, 0.5855859280580873, 0.5861742424242424, 0.551703219350526, 1866.3634333610535], [0.6079545454545454, 0.6169870323582521, 0.6079545454545454, 0.5895711480717709, 2248.189395904541], [0.4024621212121212, 0.41806655465982345, 0.4024621212121212, 0.3851818588318407, 790.0919790267944]], "LSTM_PREPAD_FREQBASED": [[0.5028409090909091, 0.5163157010037263, 0.5028409090909091, 0.46674585093350685, 222.69472646713257], [0.5965909090909091, 0.5873675929376809, 0.5965909090909091, 0.5722338049638351, 325.1921226978302], [0.5274621212121212, 0.505491914781745, 0.5274621212121212, 0.4883009228933069, 257.1879913806915], [0.5634469696969697, 0.5390280282665054, 0.5634469696969697, 0.5262334797940238, 257.15230226516724], [0.5549242424242424, 0.5207575428035802, 0.5549242424242424, 0.5211036810672323, 183.2300045490265]], "LSTM_CONT_ONEHOT": [[0.5975378787878788, 0.5710341540579784, 0.5975378787878788, 0.5549536361255414, 73.05580234527588], [0.5804924242424242, 0.5846657642993491, 0.5804924242424242, 0.5503242330093979, 61.256298303604126], [0.5643939393939394, 0.5336076934938331, 0.5643939393939394, 0.5230844982471387, 27.091231107711792], [0.5823863636363636, 0.5848866756917476, 0.5823863636363636, 0.5591391297352616, 36.753148794174194], [0.584280303030303, 0.5310331580647889, 0.584280303030303, 0.533536647536048, 47.14378261566162]], "LSTM_CONT_EMBEDDED": [[0.42424242424242425, 0.4096625532735302, 0.42424242424242425, 0.38359408328878347, 55.827414989471436], [0.6003787878787878, 0.5588462420339602, 0.6003787878787878, 0.5588933756385971, 40.868539571762085], [0.540719696969697, 0.5152508878747166, 0.540719696969697, 0.503613168069376, 55.876912117004395], [0.5861742424242424, 0.5633341306519037, 0.5861742424242424, 0.5468811063855326, 48.13025665283203], [0.5833333333333334, 0.5374647797055079, 0.5833333333333334, 0.5394501034759793, 60.669575214385986]], "LSTM_CONT_FREQBASED": [[0.5880681818181818, 0.5249595778800458, 0.5880681818181818, 0.530417291393302, 209.74567008018494], [0.5189393939393939, 0.5104709454901885, 0.5189393939393939, 0.48724826370545576, 179.42270874977112], [0.6022727272727273, 0.5311984539865737, 0.6022727272727273, 0.5472075702804596, 310.67730712890625], [0.5643939393939394, 0.5076968692029745, 0.5643939393939394, 0.5000174838155906, 253.2155601978302], [0.5653409090909091, 0.48305764803211626, 0.5653409090909091, 0.5009280131000066, 125.64046049118042]], "CNN_PREPAD_ONEHOT": [[0.5928030303030303, 0.596881051968171, 0.5928030303030303, 0.5698908170429988, 513.4500098228455], [0.5710227272727273, 0.5723082343909103, 0.5710227272727273, 0.5515157340444721, 422.34280920028687], [0.5918560606060606, 0.6093943927654558, 0.5918560606060606, 0.5543510802694699, 369.43255710601807], [0.5729166666666666, 0.5481321776090191, 0.5729166666666666, 0.5457805229000477, 320.74361085891724], [0.5814393939393939, 0.5864612441590632, 0.5814393939393939, 0.5458968311476898, 327.1655225753784]], "CNN_PREPAD_EMBEDDED": [[0.5151515151515151, 0.5110624016887276, 0.5151515151515151, 0.4733910244681964, 605.756219625473], [0.5151515151515151, 0.5515803332442909, 0.5151515151515151, 0.4754633578175538, 695.9062669277191], [0.4270833333333333, 0.43106787269849334, 0.4270833333333333, 0.39812647288616104, 324.0932786464691], [0.5, 0.5002743394666894, 0.5, 0.46938070603673493, 555.7442312240601], [0.4715909090909091, 0.5254702993751534, 0.4715909090909091, 0.45124181378681494, 508.40543699264526]], "CNN_PREPAD_FREQBASED": [[0.625, 0.5631533919070824, 0.625, 0.5721751531873669, 195.28147268295288], [0.5710227272727273, 0.5833221984953911, 0.5710227272727273, 0.5320025186872646, 171.5393614768982], [0.5880681818181818, 0.6087232513429318, 0.5880681818181818, 0.5190523135041666, 131.98743104934692], [0.5596590909090909, 0.5459586138162322, 0.5596590909090909, 0.5192841626375495, 105.36067295074463], [0.6164772727272727, 0.5942111596265318, 0.6164772727272727, 0.5622712968250033, 204.90034174919128]], "CNN_CONT_ONEHOT": [[0.5946969696969697, 0.5393717527396422, 0.5946969696969697, 0.532719323480221, 74.32768821716309], [0.5956439393939394, 0.5639436795564424, 0.5956439393939394, 0.5351259346752874, 100.74930381774902], [0.5672348484848485, 0.5328145753304063, 0.5672348484848485, 0.524300884351689, 64.21033883094788], [0.5625, 0.5730540633294137, 0.5625, 0.5278440604166309, 46.864445209503174], [0.571969696969697, 0.5391647421146487, 0.571969696969697, 0.5168190523132532, 81.16941094398499]], "CNN_CONT_EMBEDDED": [[0.23484848484848486, 0.1954238898020736, 0.23484848484848486, 0.16974508667202046, 64.40997505187988], [0.5492424242424242, 0.4761718825646663, 0.5492424242424242, 0.45775327428095275, 127.24032044410706], [0.2859848484848485, 0.20035858846648943, 0.2859848484848485, 0.17092932358875776, 66.12780332565308], [0.27178030303030304, 0.4597097958082384, 0.27178030303030304, 0.26233318463858624, 46.71199941635132], [0.32007575757575757, 0.31437378853754977, 0.32007575757575757, 0.2700777243754554, 83.57857847213745]], "CNN_CONT_FREQBASED": [[0.6089015151515151, 0.5623082886765677, 0.6089015151515151, 0.545895513241434, 312.80204916000366], [0.5615530303030303, 0.5193926915824447, 0.5615530303030303, 0.5063221949147625, 144.26950931549072], [0.5946969696969697, 0.5555833529170286, 0.5946969696969697, 0.5460765421140206, 299.6599681377411], [0.5672348484848485, 0.49444018147827873, 0.5672348484848485, 0.4970614922271672, 130.0114302635193], [0.5539772727272727, 0.5043966677694328, 0.5539772727272727, 0.48759775279282075, 172.3404574394226]],