{"LSTM_PREPAD_ONEHOT": [[0.75, 0.775, 0.75, 0.7291666666666666], [0.75, 0.775, 0.75, 0.7291666666666666], [0.796875, 0.7904761904761904, 0.796875, 0.7762491109530583], [0.796875, 0.7904761904761904, 0.796875, 0.7762491109530583], [0.796875, 0.7904761904761904, 0.796875, 0.7762491109530583], [0.75, 0.775, 0.75, 0.7291666666666666]], "LSTM_PREPAD_EMBEDDED": [[0.796875, 0.7904761904761904, 0.796875, 0.7762491109530583], [0.71875, 0.724107142857143, 0.71875, 0.6788194444444444], [0.796875, 0.7904761904761904, 0.796875, 0.7762491109530583], [0.71875, 0.724107142857143, 0.71875, 0.6788194444444444], [0.796875, 0.7904761904761904, 0.796875, 0.7762491109530583], [0.75, 0.775, 0.75, 0.7291666666666666]], "LSTM_PREPAD_FREQBASED": [[0.109375, 0.011962890625, 0.109375, 0.021566901408450703], [0.109375, 0.011962890625, 0.109375, 0.021566901408450703], [0.1875, 0.03515625, 0.1875, 0.05921052631578947], [0.109375, 0.011962890625, 0.109375, 0.021566901408450703], [0.1875, 0.03515625, 0.1875, 0.05921052631578947], [0.1875, 0.03515625, 0.1875, 0.05921052631578947]], "LSTM_CONT_ONEHOT": [[0.75, 0.775, 0.75, 0.7291666666666666], [0.796875, 0.7904761904761904, 0.796875, 0.7762491109530583], [0.765625, 0.7395833333333334, 0.765625, 0.725901888730836], [0.765625, 0.7395833333333334, 0.765625, 0.725901888730836], [0.796875, 0.7904761904761904, 0.796875, 0.7762491109530583], [0.75, 0.775, 0.75, 0.7291666666666666]], "LSTM_CONT_EMBEDDED": [[0.75, 0.775, 0.75, 0.7291666666666666], [0.75, 0.775, 0.75, 0.7291666666666666], [0.71875, 0.724107142857143, 0.71875, 0.6788194444444444], [0.75, 0.775, 0.75, 0.7291666666666666], [0.796875, 0.7904761904761904, 0.796875, 0.7762491109530583], [0.796875, 0.7904761904761904, 0.796875, 0.7762491109530583]], "LSTM_CONT_FREQBASED": [[0.109375, 0.011962890625, 0.109375, 0.021566901408450703], [0.109375, 0.011962890625, 0.109375, 0.021566901408450703], [0.109375, 0.011962890625, 0.109375, 0.021566901408450703], [0.109375, 0.011962890625, 0.109375, 0.021566901408450703], [0.109375, 0.011962890625, 0.109375, 0.021566901408450703], [0.109375, 0.011962890625, 0.109375, 0.021566901408450703]], "CNN_PREPAD_ONEHOT": [[0.234375, 0.054931640625, 0.234375, 0.08900316455696203], [0.234375, 0.054931640625, 0.234375, 0.08900316455696203], [0.234375, 0.054931640625, 0.234375, 0.08900316455696203], [0.234375, 0.054931640625, 0.234375, 0.08900316455696203], [0.234375, 0.054931640625, 0.234375, 0.08900316455696203], [0.234375, 0.054931640625, 0.234375, 0.08900316455696203]], "CNN_PREPAD_EMBEDDED": [[0.234375, 0.054931640625, 0.234375, 0.08900316455696203], [0.234375, 0.054931640625, 0.234375, 0.08900316455696203], [0.234375, 0.054931640625, 0.234375, 0.08900316455696203], [0.234375, 0.054931640625, 0.234375, 0.08900316455696203], [0.234375, 0.054931640625, 0.234375, 0.08900316455696203], [0.234375, 0.054931640625, 0.234375, 0.08900316455696203]], "CNN_PREPAD_FREQBASED": [[0.109375, 0.011962890625, 0.109375, 0.021566901408450703], [0.109375, 0.011962890625, 0.109375, 0.021566901408450703], [0.109375, 0.011962890625, 0.109375, 0.021566901408450703], [0.109375, 0.011962890625, 0.109375, 0.021566901408450703], [0.109375, 0.011962890625, 0.109375, 0.021566901408450703], [0.109375, 0.011962890625, 0.109375, 0.021566901408450703]], "CNN_CONT_ONEHOT": [[0.234375, 0.054931640625, 0.234375, 0.08900316455696203], [0.234375, 0.054931640625, 0.234375, 0.08900316455696203], [0.234375, 0.054931640625, 0.234375, 0.08900316455696203], [0.234375, 0.054931640625, 0.234375, 0.08900316455696203], [0.234375, 0.054931640625, 0.234375, 0.08900316455696203], [0.71875, 0.724107142857143, 0.71875, 0.6788194444444444]], "CNN_CONT_EMBEDDED": [[0.234375, 0.054931640625, 0.234375, 0.08900316455696203], [0.234375, 0.054931640625, 0.234375, 0.08900316455696203], [0.234375, 0.054931640625, 0.234375, 0.08900316455696203], [0.234375, 0.054931640625, 0.234375, 0.08900316455696203], [0.109375, 0.011962890625, 0.109375, 0.021566901408450703], [0.234375, 0.054931640625, 0.234375, 0.08900316455696203]], "CNN_CONT_FREQBASED": [[0.109375, 0.011962890625, 0.109375, 0.021566901408450703], [0.109375, 0.011962890625, 0.109375, 0.021566901408450703], [0.109375, 0.011962890625, 0.109375, 0.021566901408450703], [0.109375, 0.011962890625, 0.109375, 0.021566901408450703], [0.109375, 0.011962890625, 0.109375, 0.021566901408450703], [0.109375, 0.011962890625, 0.109375, 0.021566901408450703]], "DT_PREPAD_ONEHOT": [["Fold 0", "gini", 0.6976744186046512, 0.7596899224806201, 0.6976744186046512, 0.662897937923216], ["Fold 0", "entropy", 0.6976744186046512, 0.7596899224806201, 0.6976744186046512, 0.662897937923216], ["Fold 0", "log_loss", 0.6976744186046512, 0.7596899224806201, 0.6976744186046512, 0.662897937923216], ["Fold 1", "gini", 0.6976744186046512, 0.8372093023255814, 0.6976744186046512, 0.7426356589147286], ["Fold 1", "entropy", 0.6976744186046512, 0.8372093023255814, 0.6976744186046512, 0.7426356589147286], ["Fold 1", "log_loss", 0.6976744186046512, 0.8372093023255814, 0.6976744186046512, 0.7426356589147286], ["Fold 2", "gini", 0.6511627906976745, 0.813953488372093, 0.6511627906976745, 0.7100775193798449], ["Fold 2", "entropy", 0.6511627906976745, 0.813953488372093, 0.6511627906976745, 0.7100775193798449], ["Fold 2", "log_loss", 0.6511627906976745, 0.813953488372093, 0.6511627906976745, 0.7100775193798449], ["Fold 3", "gini", 0.7441860465116279, 0.7641196013289036, 0.7441860465116279, 0.7004228329809726], ["Fold 3", "entropy", 0.7441860465116279, 0.7641196013289036, 0.7441860465116279, 0.7004228329809726], ["Fold 3", "log_loss", 0.7441860465116279, 0.7641196013289036, 0.7441860465116279, 0.7004228329809726], ["Fold 4", "gini", 0.7142857142857143, 0.746031746031746, 0.7142857142857143, 0.707936507936508], ["Fold 4", "entropy", 0.7142857142857143, 0.746031746031746, 0.7142857142857143, 0.707936507936508], ["Fold 4", "log_loss", 0.7142857142857143, 0.746031746031746, 0.7142857142857143, 0.707936507936508], ["Fold 5", "gini", 0.6904761904761905, 0.784126984126984, 0.6904761904761905, 0.6578264155903908], ["Fold 5", "entropy", 0.6904761904761905, 0.784126984126984, 0.6904761904761905, 0.6578264155903908], ["Fold 5", "log_loss", 0.6904761904761905, 0.784126984126984, 0.6904761904761905, 0.6578264155903908]],