{"LSTM_PREPAD_ONEHOT": [[0.8658536585365854, 0.9168514412416852, 0.8658536585365854, 0.8761401882713842], [0.1524390243902439, 0.04826102013555633, 0.1524390243902439, 0.06238451589061346], [0.8658536585365854, 0.8972125435540069, 0.8658536585365854, 0.8705881722848848], [0.8109756097560976, 0.9185238001573564, 0.8109756097560976, 0.8132672792111127], [0.8536585365853658, 0.8974112109542148, 0.8536585365853658, 0.8665187020380412], [0.8597560975609756, 0.9355065666041275, 0.8597560975609756, 0.8725213810579664]], "LSTM_PREPAD_EMBEDDED": [[0.8658536585365854, 0.9610542879622346, 0.8658536585365854, 0.8813628444726004], [0.17073170731707318, 0.029149315883402742, 0.17073170731707318, 0.04979674796747968], [0.8109756097560976, 0.8451661651356773, 0.8109756097560976, 0.8120806924589249], [0.8414634146341463, 0.9390435800502773, 0.8414634146341463, 0.8488871900457267], [0.7804878048780488, 0.9128040228508877, 0.7804878048780488, 0.8005129694154085], [0.17682926829268292, 0.044395558967696216, 0.17682926829268292, 0.06921503550478543]], "LSTM_PREPAD_FREQBASED": [[0.17073170731707318, 0.029149315883402742, 0.17073170731707318, 0.04979674796747968], [0.17073170731707318, 0.029149315883402742, 0.17073170731707318, 0.04979674796747968], [0.17073170731707318, 0.029149315883402742, 0.17073170731707318, 0.04979674796747968], [0.22560975609756098, 0.050899762046400954, 0.22560975609756098, 0.08306030821502246], [0.17073170731707318, 0.029149315883402742, 0.17073170731707318, 0.04979674796747968], [0.17073170731707318, 0.029149315883402742, 0.17073170731707318, 0.04979674796747968]], "LSTM_CONT_ONEHOT": [[0.8658536585365854, 0.9610542879622346, 0.8658536585365854, 0.8813628444726004], [0.8658536585365854, 0.9610542879622346, 0.8658536585365854, 0.8813628444726004], [0.8658536585365854, 0.90648197242842, 0.8658536585365854, 0.8719955125230224], [0.8597560975609756, 0.9318968358602506, 0.8597560975609756, 0.8615926756170659], [0.8658536585365854, 0.9610542879622346, 0.8658536585365854, 0.8813628444726004], [0.8658536585365854, 0.9610542879622346, 0.8658536585365854, 0.8813628444726004]], "LSTM_CONT_EMBEDDED": [[0.8658536585365854, 0.9610542879622346, 0.8658536585365854, 0.8813628444726004], [0.8658536585365854, 0.9610542879622346, 0.8658536585365854, 0.8813628444726004], [0.8597560975609756, 0.9224012775842044, 0.8597560975609756, 0.8561446421399215], [0.8597560975609756, 0.924708377518558, 0.8597560975609756, 0.8669016480541579], [0.8658536585365854, 0.9610542879622346, 0.8658536585365854, 0.8813628444726004], [0.8658536585365854, 0.9610542879622346, 0.8658536585365854, 0.8813628444726004]], "LSTM_CONT_FREQBASED": [[0.17073170731707318, 0.029149315883402742, 0.17073170731707318, 0.04979674796747968], [0.17073170731707318, 0.029149315883402742, 0.17073170731707318, 0.04979674796747968], [0.17073170731707318, 0.029149315883402742, 0.17073170731707318, 0.04979674796747968], [0.17073170731707318, 0.029149315883402742, 0.17073170731707318, 0.04979674796747968], [0.22560975609756098, 0.050899762046400954, 0.22560975609756098, 0.08306030821502246], [0.22560975609756098, 0.050899762046400954, 0.22560975609756098, 0.08306030821502246]], "CNN_PREPAD_ONEHOT": [[0.8658536585365854, 0.89198606271777, 0.8658536585365854, 0.8594016496754512], [0.8536585365853658, 0.9256986788617886, 0.8536585365853658, 0.8620491974150509], [0.1951219512195122, 0.4168374666939947, 0.1951219512195122, 0.15831298792669846], [0.18902439024390244, 0.301643690349947, 0.18902439024390244, 0.1536758352534562], [0.8475609756097561, 0.8664827719705769, 0.8475609756097561, 0.8518102552567027], [0.8719512195121951, 0.9218680709534368, 0.8719512195121951, 0.8829323686140921]], "CNN_PREPAD_EMBEDDED": [[0.18292682926829268, 0.4128213579433092, 0.18292682926829268, 0.13117015098722418], [0.09146341463414634, 0.008365556216537775, 0.09146341463414634, 0.015329063905164189], [0.12195121951219512, 0.0148720999405116, 0.12195121951219512, 0.026511134676564154], [0.09146341463414634, 0.008365556216537775, 0.09146341463414634, 0.015329063905164189], [0.0975609756097561, 0.1303680981595092, 0.0975609756097561, 0.027029584100014353], [0.09146341463414634, 0.008365556216537775, 0.09146341463414634, 0.015329063905164189]], "CNN_PREPAD_FREQBASED": [[0.17073170731707318, 0.029149315883402742, 0.17073170731707318, 0.04979674796747968], [0.17073170731707318, 0.029149315883402742, 0.17073170731707318, 0.04979674796747968], [0.17073170731707318, 0.029149315883402742, 0.17073170731707318, 0.04979674796747968], [0.17073170731707318, 0.029149315883402742, 0.17073170731707318, 0.04979674796747968], [0.17073170731707318, 0.029149315883402742, 0.17073170731707318, 0.04979674796747968], [0.17073170731707318, 0.029149315883402742, 0.17073170731707318, 0.04979674796747968]], "CNN_CONT_ONEHOT": [[0.774390243902439, 0.8501661255002642, 0.774390243902439, 0.8011951731912278], [0.1524390243902439, 0.13085999366487172, 0.1524390243902439, 0.09753692211478326], [0.8658536585365854, 0.9610542879622346, 0.8658536585365854, 0.8813628444726004], [0.8658536585365854, 0.9610542879622346, 0.8658536585365854, 0.8813628444726004], [0.8658536585365854, 0.9610542879622346, 0.8658536585365854, 0.8813628444726004], [0.8658536585365854, 0.9610542879622346, 0.8658536585365854, 0.8813628444726004]], "CNN_CONT_EMBEDDED": [[0.09146341463414634, 0.008365556216537775, 0.09146341463414634, 0.015329063905164189], [0.13414634146341464, 0.025352965609872553, 0.13414634146341464, 0.041880616174582795], [0.09146341463414634, 0.008365556216537775, 0.09146341463414634, 0.015329063905164189], [0.09146341463414634, 0.008365556216537775, 0.09146341463414634, 0.015329063905164189], [0.09146341463414634, 0.008365556216537775, 0.09146341463414634, 0.015329063905164189], [0.09146341463414634, 0.008365556216537775, 0.09146341463414634, 0.015329063905164189]], "CNN_CONT_FREQBASED": [[0.17073170731707318, 0.029149315883402742, 0.17073170731707318, 0.04979674796747968], [0.17073170731707318, 0.029149315883402742, 0.17073170731707318, 0.04979674796747968], [0.17073170731707318, 0.029149315883402742, 0.17073170731707318, 0.04979674796747968], [0.17073170731707318, 0.029149315883402742, 0.17073170731707318, 0.04979674796747968], [0.17073170731707318, 0.029149315883402742, 0.17073170731707318, 0.04979674796747968], [0.17073170731707318, 0.029149315883402742, 0.17073170731707318, 0.04979674796747968]],