{"LSTM_PREPAD_ONEHOT": [[0.125, 0.1875, 0.125, 0.15000000000000002, 17.60966992378235], [0.125, 0.0625, 0.125, 0.08333333333333333, 7.371737480163574], [0.125, 0.125, 0.125, 0.125, 7.877955675125122], [0.25, 0.375, 0.25, 0.30000000000000004, 8.6898512840271], [0.375, 0.22499999999999998, 0.375, 0.28124999999999994, 7.671076059341431]], "LSTM_PREPAD_EMBEDDED": [[0.375, 0.140625, 0.375, 0.20454545454545453, 7.582877159118652], [0.375, 0.140625, 0.375, 0.20454545454545453, 7.027672290802002], [0.375, 0.140625, 0.375, 0.20454545454545453, 8.44687819480896], [0.0, 0.0, 0.0, 0.0, 6.743993282318115], [0.0, 0.0, 0.0, 0.0, 7.721876382827759]], "LSTM_PREPAD_FREQBASED": [[0.25, 0.0625, 0.25, 0.1, 6.431631088256836], [0.0, 0.0, 0.0, 0.0, 6.102820634841919], [0.125, 0.03125, 0.125, 0.05, 7.68418025970459], [0.0, 0.0, 0.0, 0.0, 8.351890802383423], [0.0, 0.0, 0.0, 0.0, 6.709163665771484]], "LSTM_CONT_ONEHOT": [[0.25, 0.1, 0.25, 0.14285714285714288, 9.252812385559082], [0.375, 0.35416666666666663, 0.375, 0.35000000000000003, 13.35719919204712], [0.5, 0.35, 0.5, 0.3928571428571429, 9.30798077583313], [0.25, 0.0625, 0.25, 0.1, 8.671927452087402], [0.375, 0.2875, 0.375, 0.2928571428571429, 7.096638917922974]], "LSTM_CONT_EMBEDDED": [[0.625, 0.40625, 0.625, 0.488095238095238, 8.274561643600464], [0.25, 0.0625, 0.25, 0.1, 7.28364896774292], [0.25, 0.0625, 0.25, 0.1, 7.106832504272461], [0.25, 0.0625, 0.25, 0.1, 7.612292289733887], [0.25, 0.16666666666666666, 0.25, 0.2, 10.067224025726318]], "LSTM_CONT_FREQBASED": [[0.375, 0.140625, 0.375, 0.20454545454545453, 6.947636604309082], [0.375, 0.4464285714285714, 0.375, 0.2986111111111111, 7.329907417297363], [0.25, 0.0625, 0.25, 0.1, 7.542366027832031], [0.25, 0.0625, 0.25, 0.1, 7.461741209030151], [0.375, 0.4464285714285714, 0.375, 0.2986111111111111, 7.759718656539917]], "CNN_PREPAD_ONEHOT": [[0.0, 0.0, 0.0, 0.0, 5.112518787384033], [0.125, 0.09375, 0.125, 0.10714285714285715, 3.308262348175049], [0.0, 0.0, 0.0, 0.0, 3.4634525775909424], [0.125, 0.07500000000000001, 0.125, 0.09375, 3.844482660293579], [0.25, 0.25, 0.25, 0.25, 4.002661466598511]], "CNN_PREPAD_EMBEDDED": [[0.0, 0.0, 0.0, 0.0, 3.6343793869018555], [0.125, 0.015625, 0.125, 0.027777777777777776, 3.545247793197632], [0.0, 0.0, 0.0, 0.0, 3.089390754699707], [0.0, 0.0, 0.0, 0.0, 2.979541778564453], [0.125, 0.015625, 0.125, 0.027777777777777776, 4.076192617416382]], "CNN_PREPAD_FREQBASED": [[0.25, 0.10714285714285714, 0.25, 0.15000000000000002, 3.7771620750427246], [0.375, 0.140625, 0.375, 0.20454545454545453, 4.569625616073608], [0.0, 0.0, 0.0, 0.0, 3.275024890899658], [0.375, 0.140625, 0.375, 0.20454545454545453, 5.695475101470947], [0.125, 0.03125, 0.125, 0.05, 5.393664598464966]], "CNN_CONT_ONEHOT": [[0.0, 0.0, 0.0, 0.0, 5.923185586929321], [0.125, 0.375, 0.125, 0.1875, 4.271960973739624], [0.0, 0.0, 0.0, 0.0, 5.180535554885864], [0.0, 0.0, 0.0, 0.0, 5.294186353683472], [0.0, 0.0, 0.0, 0.0, 5.10392689704895]], "CNN_CONT_EMBEDDED": [[0.0, 0.0, 0.0, 0.0, 4.477194786071777], [0.25, 0.0625, 0.25, 0.1, 4.4850099086761475], [0.0, 0.0, 0.0, 0.0, 5.5462071895599365], [0.0, 0.0, 0.0, 0.0, 3.282367467880249], [0.125, 0.015625, 0.125, 0.027777777777777776, 4.8791210651397705]], "CNN_CONT_FREQBASED": [[0.25, 0.15000000000000002, 0.25, 0.1875, 3.4091367721557617], [0.25, 0.15000000000000002, 0.25, 0.1875, 6.147824048995972], [0.0, 0.0, 0.0, 0.0, 3.7983598709106445], [0.0, 0.0, 0.0, 0.0, 3.232360363006592], [0.0, 0.0, 0.0, 0.0, 3.962799072265625]], "DT_PREPAD_ONEHOT": [["Fold 0", "gini", 0.4, 0.3, 0.4, 0.3333333333333333, 0.10010957717895508], ["Fold 0", "entropy", 0.4, 0.3, 0.4, 0.3333333333333333, 0.0012743473052978516], ["Fold 0", "log_loss", 0.4, 0.3, 0.4, 0.3333333333333333, 0.0012197494506835938], ["Fold 1", "gini", 0.6, 0.4666666666666666, 0.6, 0.5, 0.0012080669403076172], ["Fold 1", "entropy", 0.6, 0.4666666666666666, 0.6, 0.5, 0.0011909008026123047], ["Fold 1", "log_loss", 0.6, 0.4666666666666666, 0.6, 0.5, 0.0011801719665527344], ["Fold 2", "gini", 0.4, 0.4, 0.4, 0.4, 0.0011906623840332031], ["Fold 2", "entropy", 0.4, 0.4, 0.4, 0.4, 0.0011970996856689453], ["Fold 2", "log_loss", 0.4, 0.4, 0.4, 0.4, 0.0012445449829101562], ["Fold 3", "gini", 0.4, 0.3, 0.4, 0.3333333333333333, 0.00127410888671875], ["Fold 3", "entropy", 0.4, 0.26666666666666666, 0.4, 0.3, 0.0014293193817138672], ["Fold 3", "log_loss", 0.4, 0.26666666666666666, 0.4, 0.3, 0.0014276504516601562], ["Fold 4", "gini", 0.5, 0.5, 0.5, 0.5, 0.0012977123260498047], ["Fold 4", "entropy", 0.25, 0.25, 0.25, 0.25, 0.001438140869140625], ["Fold 4", "log_loss", 0.25, 0.25, 0.25, 0.25, 0.0012066364288330078], ["Fold 5", "gini", 0.5, 0.5, 0.5, 0.5, 0.001184225082397461], ["Fold 5", "entropy", 0.5, 0.5, 0.5, 0.5, 0.0011525154113769531], ["Fold 5", "log_loss", 0.5, 0.5, 0.5, 0.5, 0.0014073848724365234]], "DT_PREPAD_EMBEDDED": [["Fold 0", "gini", 0.2, 0.2, 0.2, 0.2, 0.0013070106506347656], ["Fold 0", "entropy", 0.2, 0.2, 0.2, 0.2, 0.0016009807586669922], ["Fold 0", "log_loss", 0.2, 0.2, 0.2, 0.2, 0.001575469970703125], ["Fold 1", "gini", 0.4, 0.4, 0.4, 0.4, 0.0015959739685058594], ["Fold 1", "entropy", 0.4, 0.4, 0.4, 0.4, 0.001657247543334961], ["Fold 1", "log_loss", 0.4, 0.4, 0.4, 0.4, 0.0016851425170898438], ["Fold 2", "gini", 0.8, 0.8, 0.8, 0.8, 0.0013802051544189453], ["Fold 2", "entropy", 0.8, 0.8, 0.8, 0.8, 0.0016164779663085938], ["Fold 2", "log_loss", 0.8, 0.8, 0.8, 0.8, 0.0022432804107666016], ["Fold 3", "gini", 0.4, 0.3, 0.4, 0.3333333333333333, 0.0013458728790283203], ["Fold 3", "entropy", 0.6, 0.5, 0.6, 0.5333333333333333, 0.0015459060668945312], ["Fold 3", "log_loss", 0.4, 0.2, 0.4, 0.26666666666666666, 0.001613616943359375], ["Fold 4", "gini", 0.75, 0.75, 0.75, 0.75, 0.0013260841369628906], ["Fold 4", "entropy", 0.25, 0.125, 0.25, 0.16666666666666666, 0.0015192031860351562], ["Fold 4", "log_loss", 0.25, 0.25, 0.25, 0.25, 0.001569986343383789], ["Fold 5", "gini", 0.5, 0.375, 0.5, 0.41666666666666663, 0.0014078617095947266], ["Fold 5", "entropy", 0.25, 0.25, 0.25, 0.25, 0.0014801025390625], ["Fold 5", "log_loss", 0.25, 0.25, 0.25, 0.25, 0.001481771469116211]], "DT_PREPAD_FREQBASED": [["Fold 0", "gini", 0.2, 0.2, 0.2, 0.2, 0.0009829998016357422], ["Fold 0", "entropy", 0.2, 0.2, 0.2, 0.2, 0.0010547637939453125], ["Fold 0", "log_loss", 0.2, 0.2, 0.2, 0.2, 0.001100301742553711], ["Fold 1", "gini", 0.4, 0.26666666666666666, 0.4, 0.3, 0.00109100341796875], ["Fold 1", "entropy", 0.4, 0.26666666666666666, 0.4, 0.3, 0.00107574462890625], ["Fold 1", "log_loss", 0.4, 0.26666666666666666, 0.4, 0.3, 0.001100301742553711], ["Fold 2", "gini", 0.2, 0.06666666666666667, 0.2, 0.1, 0.0011203289031982422], ["Fold 2", "entropy", 0.2, 0.06666666666666667, 0.2, 0.1, 0.0011379718780517578], ["Fold 2", "log_loss", 0.2, 0.06666666666666667, 0.2, 0.1, 0.0011143684387207031], ["Fold 3", "gini", 0.2, 0.06666666666666667, 0.2, 0.1, 0.0011835098266601562], ["Fold 3", "entropy", 0.2, 0.06666666666666667, 0.2, 0.1, 0.0012857913970947266], ["Fold 3", "log_loss", 0.2, 0.1, 0.2, 0.13333333333333333, 0.0011620521545410156], ["Fold 4", "gini", 0.25, 0.25, 0.25, 0.25, 0.0011873245239257812], ["Fold 4", "entropy", 0.25, 0.25, 0.25, 0.25, 0.0009868144989013672], ["Fold 4", "log_loss", 0.25, 0.25, 0.25, 0.25, 0.0010631084442138672], ["Fold 5", "gini", 0.75, 0.75, 0.75, 0.75, 0.0010564327239990234], ["Fold 5", "entropy", 0.75, 0.75, 0.75, 0.75, 0.0010232925415039062], ["Fold 5", "log_loss", 0.75, 0.75, 0.75, 0.75, 0.0010828971862792969]],