{"LSTM_PREPAD_ONEHOT": [[0.8134273899294575, 0.8099193881436978, 0.8134273899294575, 0.7557472293748412, 2115.2061970233917], [0.8143760642179518, 0.8068230085305927, 0.8143760642179518, 0.7572626241775717, 1926.3389751911163], [0.8136219897835076, 0.806983080713226, 0.8136219897835076, 0.7555800311048393, 4007.1095502376556]], "LSTM_PREPAD_EMBEDDED": [[0.8135490148382388, 0.8088876187055576, 0.8135490148382388, 0.7552767008625942, 2776.9068500995636], [0.8137192897105328, 0.8059548892988627, 0.8137192897105328, 0.7564454737879096, 2494.7446658611298], [0.8138044271466797, 0.8071218397085131, 0.8138044271466797, 0.7558169889876047, 2677.182193040848]], "LSTM_PREPAD_FREQBASED": [[0.8132571150571637, 0.8059166896951138, 0.8132571150571637, 0.7558268302578517, 1568.5820581912994], [0.8079421065434201, 0.8035243236082911, 0.8079421065434201, 0.7513875427964979, 1963.195187330246], [0.8133544149841888, 0.8066628809118521, 0.8133544149841888, 0.7558462000358668, 2623.1867089271545]], "LSTM_CONT_ONEHOT": [[0.8141328144003892, 0.8066434970314931, 0.8141328144003892, 0.7570347148103634, 1188.3315382003784], [0.8141328144003892, 0.806320264074997, 0.8141328144003892, 0.7568201597960935, 727.7101283073425], [0.8139747020189735, 0.8052659792071079, 0.8139747020189735, 0.756753436710492, 1188.6134181022644]], "LSTM_CONT_EMBEDDED": [[0.8136949647287764, 0.8094907817664277, 0.8136949647287764, 0.754895115699684, 959.4888739585876], [0.8141449768912673, 0.8076701713509697, 0.8141449768912673, 0.7569769250994447, 685.7454388141632], [0.814303089272683, 0.8069790046013687, 0.814303089272683, 0.7572282653131732, 1211.2049472332]], "LSTM_CONT_FREQBASED": [[0.8135733398199951, 0.8082194758480091, 0.8135733398199951, 0.7550725949090539, 1170.5824120044708], [0.8133179275115544, 0.8078085182650219, 0.8133179275115544, 0.7551369521392001, 2420.4110457897186], [0.8138165896375578, 0.8083075945678935, 0.8138165896375578, 0.7555227452463964, 2897.867697954178]], "CNN_PREPAD_ONEHOT": [[0.8146436390172708, 0.8070134257586458, 0.8146436390172708, 0.7578049599289132, 2119.981100797653], [0.8146558015081489, 0.8070182861215116, 0.8146558015081489, 0.7578162620535913, 2476.862431049347], [0.814667963999027, 0.8069105383292449, 0.814667963999027, 0.7578246161151794, 7632.356581926346]], "CNN_PREPAD_EMBEDDED": [[0.8146314765263926, 0.8072592232504956, 0.8146314765263926, 0.7577480075098214, 3095.618527173996], [0.8146558015081489, 0.807170660193598, 0.8146558015081489, 0.7577778207914693, 4006.778366088867], [0.8145220141084895, 0.8070902164162812, 0.8145220141084895, 0.7575616571328676, 2925.241676092148]], "CNN_PREPAD_FREQBASED": [[0.8145463390902457, 0.8070079551678092, 0.8145463390902457, 0.7576038269798941, 1768.4389119148254], [0.8146314765263926, 0.8071734776348414, 0.8146314765263926, 0.7577463656067958, 2132.0194737911224], [0.8146558015081489, 0.8072131692406673, 0.8146558015081489, 0.7578020553907902, 7999.364761829376]], "CNN_CONT_ONEHOT": [[0.8144003891997081, 0.8069640075102003, 0.8144003891997081, 0.7573067916013848, 2053.145443916321], [0.8141449768912673, 0.8054300430104097, 0.8141449768912673, 0.7573148446178802, 2010.9036920070648], [0.8143395767453174, 0.8058757736349592, 0.8143395767453174, 0.7574952656840637, 1364.661334991455]], "CNN_CONT_EMBEDDED": [[0.8144125516905862, 0.8069316398910175, 0.8144125516905862, 0.7572504366001053, 2051.2567439079285], [0.8144003891997081, 0.8069481401233989, 0.8144003891997081, 0.757297051245224, 2701.3486671447754], [0.8143760642179518, 0.8070170946520167, 0.8143760642179518, 0.7572615348994107, 1081.6867518424988]], "CNN_CONT_FREQBASED": [[0.8144125516905862, 0.8070322376973769, 0.8144125516905862, 0.7573136498045021, 3803.9835228919983], [0.8144125516905862, 0.8070739608512457, 0.8144125516905862, 0.757272123880989, 3161.921571969986], [0.8140355144733642, 0.8048991840298523, 0.8140355144733642, 0.7573128674392122, 2434.0010108947754]], "DT_PREPAD_ONEHOT": [["Fold 0", "gini", 0.811891122705878, 0.8208641836141837, 0.811891122705878, 0.7537635692075605, 3.1902449131011963], ["Fold 0", "entropy", 0.811891122705878, 0.8209328418165467, 0.811891122705878, 0.7537493023533367, 2.4912378787994385], ["Fold 0", "log_loss", 0.811891122705878, 0.8208451639903465, 0.811891122705878, 0.7537550341976175, 2.505084991455078], ["Fold 1", "gini", 0.8103039369504141, 0.8148341546903327, 0.8103039369504141, 0.7509495977732454, 3.105587959289551], ["Fold 1", "entropy", 0.8102856934359836, 0.8148209795272249, 0.8102856934359836, 0.7509334450005901, 2.4922890663146973], ["Fold 1", "log_loss", 0.8102856934359836, 0.8149247205282566, 0.8102856934359836, 0.750936294154032, 2.577357053756714], ["Fold 2", "gini", 0.8107930600405013, 0.8114865808965296, 0.8107930600405013, 0.751231803869345, 3.0173909664154053], ["Fold 2", "entropy", 0.8107930600405013, 0.8133375024349213, 0.8107930600405013, 0.7512489632090601, 2.478135108947754], ["Fold 2", "log_loss", 0.8108295477350264, 0.8133598219078882, 0.8108295477350264, 0.7512771521747668, 2.4570329189300537], ["Fold 3", "gini", 0.811176180833014, 0.8178972996337733, 0.811176180833014, 0.7526375633695699, 3.1074533462524414], ["Fold 3", "entropy", 0.8112491562220641, 0.818111000504474, 0.8112491562220641, 0.752679690237559, 2.5058670043945312], ["Fold 3", "log_loss", 0.811212668527539, 0.8179012294841393, 0.811212668527539, 0.7526478088522097, 2.4927821159362793], ["Fold 4", "gini", 0.8107748161932389, 0.8070585518789752, 0.8107748161932389, 0.7521951576615087, 3.0368428230285645], ["Fold 4", "entropy", 0.8107748161932389, 0.8070451714101903, 0.8107748161932389, 0.7521868827545748, 2.483940839767456], ["Fold 4", "log_loss", 0.8107930600405013, 0.807062693526449, 0.8107930600405013, 0.7522047584543333, 2.4578030109405518], ["Fold 5", "gini", 0.8114863262364768, 0.8204543092285005, 0.8114863262364768, 0.7536128417649517, 3.1439170837402344], ["Fold 5", "entropy", 0.8114498385419517, 0.8204770687650499, 0.8114498385419517, 0.7536076665379504, 2.516605854034424], ["Fold 5", "log_loss", 0.8114498385419517, 0.8204446956142079, 0.8114498385419517, 0.7535876794145084, 2.5122761726379395]],