{"#events": 21348, "#activity": 14, "#traces": 4580, "min_trace": 2, "max_trace": 15, "avg_trace": 4.661135371179039, "l_detail": 4.245196506550219, "lz_compl": 2979, "unique_t": 20.131004366812228, "struc": 0.5816326530612245, "avg_aff": 0.15835581319158984, "dev_rand": 0.7621252801306078, "t_div": 4916, "time": 11.523359060287476}